staffID,name,dateOfBirth,phoneNumber,gender,address,position
N15869,Svend Ettery,8/2/1945,011-42724634,M,"42 Holy Cross Park, 44653, Labuan",nurse
N91251,Paxon Wharin,2/9/1983,010-67574186,M,"2 Sachtjen Park, 61057, Kelantan",nurse
N72176,Vanny Perkins,8/22/1941,019-8629864,M,"22430 Merchant Way, 26883, Perlis",nurse
N43094,Homer Vowells,3/24/1975,016-2216404,F,"9696 Dryden Plaza, 19310, Kelantan",nurse
N31948,Isaak Shireff,1/5/1910,019-2790383,M,"924 North Drive, 72604, Melaka",nurse
N74162,Minnaminnie Netherwood,3/16/1972,010-60297085,F,"84 Hollow Ridge Alley, 86431, Melaka",nurse
N76250,Theressa Drewson,2/19/1928,011-1951309,M,"6745 Butternut Trail, 47328, Sarawak",nurse
N02381,Seka Friedank,9/16/1993,011-88138140,F,"708 American Ash Lane, 21677, Putrajaya",nurse
N47434,Alene Nayer,8/23/1962,014-4568157,F,"09 Carioca Avenue, 29014, Negeri Sembilan",nurse
D44377,Tasia Gieraths,12/28/1901,019-3246012,M,"0 Kipling Hill, 01470, Johor",doctor
N86009,Elva Pie,11/29/1992,010-28720640,M,"042 Karstens Avenue, 62651, Pahang",nurse
N03453,Des Magrane,11/15/1984,019-4472904,M,"6108 Boyd Terrace, 43504, Putrajaya",nurse
N44321,Addy Sparry,11/10/1971,018-8402039,F,"11 Loeprich Trail, 44751, Sabah",nurse
N08677,Ferris Grunnill,8/14/1994,011-95040824,F,"70232 Kings Way, 67159, Labuan",nurse
N26240,Rey Hindrick,1/28/1902,019-7626854,M,"24 Schiller Pass, 81668, Negeri Sembilan",nurse
N60297,Wainwright Bavin,6/23/1901,011-16582925,F,"486 Little Fleur Lane, 65061, Kuala Lumpur",nurse
N05852,Bibbie Torbett,11/25/1933,011-41171578,M,"41 Continental Alley, 16429, Pahang",nurse
N67065,Florry Simione,4/1/1903,011-42677039,F,"9 Rutledge Avenue, 25332, Perlis",nurse
N51901,Tyrone Sandford,6/1/1967,019-4880777,M,"8 Evergreen Trail, 76978, Kelantan",nurse
D47320,Joana Quinney,6/1/1981,018-6701655,F,"91 Everett Junction, 63134, Kuala Lumpur",doctor
N76915,Antons Parades,2/2/1913,019-0567972,M,"201 Pierstorff Avenue, 70325, Perak",nurse
N89191,Tine Klug,2/5/1960,019-5306579,M,"0 Kingsford Trail, 34733, Perak",nurse
D37224,Lora Burkin,11/14/1932,010-79643297,F,"90 Stephen Plaza, 82662, Sabah",doctor
N94756,Sue Cariss,8/21/1917,017-1965190,M,"60681 Village Green Place, 59662, Perak",nurse
N99642,Rebe Hadye,1/7/1953,014-5351989,M,"62252 Superior Hill, 78641, Labuan",nurse
N04509,Antonius Abbess,1/16/1908,018-9480920,M,"87136 Vahlen Drive, 31270, Kelantan",nurse
N70690,Kalindi Runciman,4/22/1968,019-5015664,M,"67 Fuller Lane, 81932, Johor",nurse
D02104,Fanchon Bough,6/27/1993,016-6601988,F,"138 Autumn Leaf Parkway, 60757, Johor",doctor
N18018,Gardner Yonge,2/13/1976,019-2790505,M,"0738 Bluestem Avenue, 13856, Pahang",nurse
N14515,Sheena Markushkin,9/17/1959,010-43625362,M,"1021 Melvin Alley, 44021, Putrajaya",nurse
N87235,Hana Harwick,3/25/1996,019-2455899,F,"1 Roth Hill, 58217, Melaka",nurse
N12591,Alix Scoular,2/10/1902,011-04227065,M,"2 Larry Drive, 94016, Labuan",nurse
N50921,Nancie Bulstrode,4/17/1938,017-4773191,F,"86341 East Pass, 71964, Perak",nurse
N59936,Derrik Tathacott,9/3/1945,011-91610101,F,"5485 Debs Court, 34621, Kedah",nurse
D43323,Clem Kaveney,7/27/1954,010-94939791,M,"19999 Packers Circle, 96941, Melaka",doctor
N28045,Korella Plaid,4/11/1934,011-81290250,M,"8 Dakota Alley, 11044, Kuala Lumpur",nurse
N63003,Trudy Leadley,12/9/1907,018-7592017,M,"38937 High Crossing Street, 52697, Labuan",nurse
N75984,Malinda Dimmick,6/25/1917,019-6667896,F,"1963 8th Hill, 86469, Kuala Lumpur",nurse
D72629,Jerrilyn Hardwicke,2/12/1989,010-19681919,M,"5 Sommers Pass, 44624, Johor",doctor
D68524,Joyous Wix,2/5/1918,019-7747513,F,"6 Rigney Road, 44709, Johor",doctor
N05643,Nicole Skeffington,9/20/1942,011-56675719,M,"6235 Northfield Circle, 18729, Kuala Lumpur",nurse
N47517,Malena Powell,3/28/1956,011-61514736,F,"12954 Carberry Drive, 39703, Labuan",nurse
N97556,Aubrette Narrie,9/12/1968,010-84306807,M,"24 Vera Street, 90546, Sarawak",nurse
N48078,Filip Dollard,2/4/1965,018-9049229,M,"2 Redwing Crossing, 74499, Kuala Lumpur",nurse
N93825,Gisele Greaser,6/19/1968,018-8422487,F,"16 Arkansas Place, 23305, Johor",nurse
N48700,Miller Lees,9/1/1913,011-24429129,M,"056 Lakewood Gardens Point, 53427, Sabah",nurse
N95485,Rube Wraith,11/16/1910,017-2172718,F,"1649 Grim Parkway, 74730, Kelantan",nurse
N29254,Quint Leschelle,11/30/1920,010-46817039,F,"17201 Ridgeview Center, 88465, Johor",nurse
N05157,Verne McKeefry,10/24/1907,010-65133209,F,"35 Surrey Alley, 67281, Penang",nurse
N54324,Alisander Reinbeck,7/8/1903,011-91585095,M,"28 Grasskamp Road, 64121, Sabah",nurse
N36012,Monah Alasdair,7/20/1962,019-1566533,M,"509 Melody Point, 38323, Sabah",nurse
N19060,Gordon Driffe,7/12/1954,018-2621973,M,"5 Morningstar Terrace, 82138, Kedah",nurse
N00861,Jacky MacGrath,4/5/1971,019-7721104,F,"04 Raven Road, 32271, Labuan",nurse
N25937,Murray Hartwright,9/13/1946,010-19876666,M,"2 Hagan Road, 31708, Melaka",nurse
N09902,Winny Porritt,12/28/1951,019-3344443,F,"123 Forest Plaza, 69157, Sarawak",nurse
N09288,Stephenie MacKeig,6/6/1955,011-34370212,F,"00124 Truax Lane, 22666, Sabah",nurse
D32711,Valentine Housley,10/21/1939,011-79594384,M,"9084 Michigan Place, 19551, Perak",doctor
N72181,Bunnie Stoop,9/5/1990,011-76473448,M,"41667 Red Cloud Hill, 85230, Kuala Lumpur",nurse
D70439,Jeddy Trevascus,12/8/1980,011-39678735,M,"869 Lighthouse Bay Street, 53593, Kuala Lumpur",doctor
N01501,Jordon Tireman,4/5/1984,017-0900415,M,"76623 Killdeer Trail, 36233, Pahang",nurse
N59310,Novelia Cotty,6/14/1999,011-84154988,F,"13380 Arapahoe Road, 31624, Perlis",nurse
D66258,Clemente Trafford,9/29/1949,018-1222374,F,"732 Springview Avenue, 78698, Pahang",doctor
N26572,Ranee McCaughey,9/11/1964,011-16386690,M,"3 Kropf Lane, 17720, Perak",nurse
N52930,Rancell Zanolli,1/24/1958,018-4376985,M,"06 Basil Parkway, 71900, Labuan",nurse
N52226,Shauna Castella,12/22/1945,011-86143975,M,"0 Rusk Center, 82226, Sarawak",nurse
N67149,Calli Lamport,5/15/1961,019-0347447,F,"6 Nelson Junction, 81367, Sarawak",nurse
D31188,Riccardo Duinbleton,8/19/1922,011-57930651,F,"85633 New Castle Pass, 76955, Sarawak",doctor
D81464,Hillary Matzkaitis,8/18/1993,018-3880564,F,"177 Golf Course Pass, 30213, Kedah",doctor
N01781,Jodee Peak,12/5/1975,016-9216262,F,"306 Kingsford Street, 55843, Putrajaya",nurse
N57930,Kale Sterricks,8/1/1985,011-27292345,F,"06474 Evergreen Terrace, 83679, Melaka",nurse
N37086,Lenna Windrus,11/30/1944,010-16521469,F,"1678 Westport Crossing, 18605, Melaka",nurse
N56722,Rachel Schieferstein,6/4/1946,010-13078236,M,"89953 2nd Plaza, 14254, Johor",nurse
N57483,Tobye Finding,9/15/1919,019-8947189,F,"20339 Meadow Valley Terrace, 34516, Johor",nurse
N92584,Mureil Loding,3/28/1908,019-2723321,M,"2342 Stoughton Terrace, 32153, Melaka",nurse
N98421,Barbie Freeman,10/22/1935,010-64636152,F,"391 David Park, 52224, Sabah",nurse
D80194,Tallulah Gavaghan,4/22/1970,017-9543684,F,"32194 Loftsgordon Way, 10465, Johor",doctor
D03564,Thoma Ollett,3/3/1937,017-8246251,F,"40148 Heffernan Park, 56084, Putrajaya",doctor
N01289,Cindi Glisane,9/21/1934,011-26907383,M,"0 Northfield Pass, 66805, Negeri Sembilan",nurse
N89412,Merissa Staniland,8/11/1963,019-6792113,M,"4 Upham Avenue, 88966, Perak",nurse
N09807,Celestine Tindall,12/30/1939,019-8198490,M,"842 Monument Center, 85735, Kedah",nurse
N45811,Reece Dodwell,10/18/1921,011-71110682,M,"6 Rutledge Way, 94416, Sarawak",nurse
N93331,Adi Joost,3/3/1926,011-19192703,F,"0235 Ohio Street, 07181, Pahang",nurse
N19414,Letti Stowe,10/12/1936,019-9200268,F,"91027 Towne Street, 12897, Melaka",nurse
N33486,Claudette Pagin,4/12/1999,019-4124088,M,"778 Maryland Junction, 36709, Selangor",nurse
D95945,Trev Meenehan,11/16/1967,018-5723695,F,"92888 Oak Valley Park, 96631, Melaka",doctor
N44742,Joe Halden,1/1/1982,019-6049333,M,"881 Hooker Court, 09079, Putrajaya",nurse
N03407,Marrilee Badrick,9/20/1912,010-69046772,M,"3514 Park Meadow Point, 99145, Perak",nurse
N71264,Enrico Conre,5/18/1942,018-2409601,F,"63909 Duke Place, 81992, Sarawak",nurse
N20805,Tamas Tweed,3/14/1927,011-54057858,F,"964 Nevada Hill, 43667, Penang",nurse
N99314,Trudy Pipkin,1/1/1921,017-7006373,F,"809 Meadow Ridge Circle, 81399, Perak",nurse
N37399,Gareth Waeland,6/23/1973,018-8086875,M,"310 Ramsey Place, 17159, Kedah",nurse
N93163,Jonathon Pendell,1/2/1945,019-8528542,M,"20295 Clemons Court, 47816, Pahang",nurse
D87775,Pennie Pollins,8/14/1926,011-42026300,M,"7 Delaware Pass, 17954, Johor",doctor
N99415,Reidar Pollington,4/8/1979,013-0647179,M,"3 Pawling Place, 07530, Terengganu",nurse
N00997,Jonas Gunthorp,5/4/1962,011-78256782,M,"7 Center Lane, 80773, Kedah",nurse
D02092,Ruben Gladeche,9/5/1904,010-02908386,M,"668 Kennedy Trail, 78653, Kedah",doctor
D38712,Tobin Gumery,2/10/1976,018-7450693,F,"3 Alpine Parkway, 05093, Labuan",doctor
D59758,Krispin Keelin,3/3/1919,019-6968400,F,"10 Del Mar Terrace, 03105, Putrajaya",doctor
N84761,Henriette Anthiftle,12/27/1988,010-58640398,F,"660 East Way, 16859, Kuala Lumpur",nurse
D72386,Karlyn Dulanty,3/18/1921,010-01959750,F,"2 Debra Alley, 93195, Negeri Sembilan",doctor
N53019,Jorge Phillipps,11/18/1922,019-3768181,F,"47674 Loftsgordon Plaza, 72280, Johor",nurse
N10593,Fowler Isworth,6/13/1989,011-58163377,M,"476 Florence Parkway, 58048, Terengganu",nurse
D86439,Bria Mabbutt,4/29/1999,010-52893290,F,"9 Ridgeway Plaza, 01982, Perlis",doctor
N00342,Malinde Eskrick,5/26/1944,011-59380308,M,"60079 Moose Pass, 98935, Negeri Sembilan",nurse
N76290,Karyn Henningham,5/2/1938,011-02390754,M,"39 Hauk Crossing, 82452, Penang",nurse
N59752,Pauly Evenett,3/27/1970,010-39049259,M,"39593 6th Court, 02805, Kedah",nurse
N44145,Guillermo Kondratenya,4/29/1928,018-3538983,F,"65652 Burning Wood Junction, 03652, Negeri Sembilan",nurse
D43493,Romola Molohan,2/26/1983,019-8368604,F,"035 Lakewood Gardens Park, 93126, Putrajaya",doctor
N61033,Giraldo Storah,9/2/1941,011-59622743,F,"95873 Twin Pines Point, 09288, Sabah",nurse
D95007,Gordy Canedo,1/30/1943,010-06023089,F,"8 Hoard Avenue, 52139, Putrajaya",doctor
D04747,Kingsley Stollberger,12/16/1998,013-1269148,F,"421 Hovde Road, 23624, Kelantan",doctor
N35319,Amberly Frampton,4/3/1917,010-06352245,M,"778 Pine View Center, 72231, Sarawak",nurse
N27965,Leticia Ziemke,6/30/1964,010-02361976,F,"477 Marcy Place, 74393, Perak",nurse
N13654,Torie Mackett,4/4/1915,014-5637218,F,"75002 Lukken Point, 06652, Sarawak",nurse
N85966,Debi Reynolds,8/13/1919,019-1100032,M,"67671 Bartelt Trail, 77899, Kelantan",nurse
N64450,Glyn Pahlsson,12/31/1923,019-7366468,F,"957 Jenna Court, 73388, Penang",nurse
N36339,Tammie Prattin,6/8/1942,010-28009100,F,"58 Westport Road, 35534, Kedah",nurse
N49025,Sofia Yong,2/21/1919,010-17853173,M,"94891 Mallard Circle, 61709, Kuala Lumpur",nurse
N15398,Hendrika Ahlf,5/9/1986,010-82496739,F,"348 Colorado Circle, 23398, Kelantan",nurse
N50816,Laure Pyecroft,11/12/1982,011-57546477,F,"99988 Brown Road, 13998, Kuala Lumpur",nurse
N00100,Shaylyn Verheyden,4/23/1928,011-60268583,F,"0626 Hayes Junction, 77420, Sabah",nurse
N79909,Katerine Cokly,3/13/1907,011-05152850,M,"2 West Alley, 12338, Terengganu",nurse
D52178,Annabel Bilbie,2/12/1936,011-66919344,M,"07415 Stang Court, 21935, Perlis",doctor
N56356,Donelle Verring,9/14/1969,010-58341232,F,"25 Sycamore Hill, 68187, Labuan",nurse
N18034,Bradford Pantling,5/26/1963,011-59735972,M,"34027 Vahlen Drive, 80254, Kedah",nurse
N37708,Ruthanne Grouse,1/11/1904,017-8580321,F,"7970 Monica Circle, 34600, Perlis",nurse
N22006,Archaimbaud Trounce,7/6/1930,011-16341126,F,"254 Badeau Way, 25337, Labuan",nurse
D10463,Tadeas Sissel,12/5/1955,010-09774077,M,"6 Judy Lane, 22601, Kelantan",doctor
N52203,Katuscha Spelling,6/10/1901,010-58452775,F,"22 Victoria Street, 27040, Johor",nurse
N32541,Ashby Stimson,8/22/1936,017-4484066,M,"1 Golf Park, 25011, Terengganu",nurse
D02165,Karel O'Connor,6/30/1988,010-50414420,M,"3 Nova Junction, 59448, Pahang",doctor
N86869,Jordanna Potteridge,5/12/1921,018-9249095,M,"9852 Eliot Plaza, 27120, Kedah",nurse
D54443,Lacie Levitt,1/11/1956,011-47912186,F,"37975 Westridge Terrace, 38535, Kelantan",doctor
N86598,Janek Lovatt,1/29/1913,013-0821609,F,"64815 Rieder Road, 16902, Kelantan",nurse
N38342,Moishe Ashlee,2/13/1937,019-7000523,M,"8 Oxford Place, 44252, Selangor",nurse
N53055,Eunice Stroyan,12/3/1994,019-9660216,F,"909 Towne Circle, 98017, Kedah",nurse
N48515,Eb Janodet,6/14/1902,010-78355101,F,"682 Ludington Parkway, 75362, Pahang",nurse
D63155,Gregor Lathe,7/4/1974,010-51749872,M,"930 Dunning Avenue, 76241, Kuala Lumpur",doctor
D50896,Loren Whistlecroft,5/18/1905,010-62852580,F,"67 Pearson Drive, 44376, Kedah",doctor
N46557,Desmund Payton,6/30/1969,014-0595754,F,"310 Main Road, 99486, Kuala Lumpur",nurse
N62210,Hortensia McCay,4/21/1972,011-95882105,M,"9 Jay Park, 64332, Labuan",nurse
N71187,Janenna Sarton,9/28/1925,010-08260697,F,"21343 Cardinal Court, 88588, Negeri Sembilan",nurse
N61572,Towny Tythacott,2/7/1927,011-5096458,F,"86 Swallow Plaza, 13265, Putrajaya",nurse
N42877,Noel Pardal,11/17/1983,019-8325087,M,"66 Bashford Parkway, 64254, Sarawak",nurse
N17791,Noble Reynold,11/22/1967,010-56377836,F,"0934 Ridgeview Trail, 15305, Perlis",nurse
N32367,Prinz Woolley,8/20/1970,017-3062654,F,"2 Sunnyside Way, 74750, Kedah",nurse
N44145,Adina Gilardoni,9/26/1971,010-92035339,M,"0 Continental Circle, 52419, Selangor",nurse
N62397,Yale Udy,5/28/1921,018-9338325,M,"0 Garrison Junction, 88827, Kuala Lumpur",nurse
N28853,Bryanty Gorvin,9/10/1986,010-31719695,F,"299 Hooker Lane, 25409, Pahang",nurse
N45297,Gelya O'Regan,8/24/1952,018-9344855,F,"38731 Ronald Regan Court, 13162, Perlis",nurse
D61003,Rahel Bole,4/16/1991,019-7694121,M,"660 Clove Hill, 13696, Terengganu",doctor
N79553,Boy Demchen,5/4/1902,010-51595883,M,"19 New Castle Trail, 00814, Labuan",nurse
D47851,Steffane Canceller,3/16/1976,011-06064442,F,"8511 Haas Trail, 57170, Terengganu",doctor
D89907,Revkah Kear,1/5/1973,011-67079201,F,"095 Bashford Parkway, 41404, Negeri Sembilan",doctor
N07723,Elianore Dake,10/30/1975,011-71132478,F,"56 Mosinee Park, 62603, Kelantan",nurse
N96460,Mady Antrum,4/9/1984,010-32802923,M,"57 Ridge Oak Hill, 99657, Kuala Lumpur",nurse
N07578,Jaime Joddins,9/23/1943,011-12538990,M,"50 Kenwood Pass, 61333, Perlis",nurse
N81148,Cornie Dutnall,5/12/1959,017-3649293,F,"561 Welch Lane, 16161, Putrajaya",nurse
N06478,Stacie Peacocke,3/2/1923,019-4070090,M,"8 Pepper Wood Way, 40021, Perak",nurse
N34196,Osmund Thaxter,3/15/1944,011-97893489,F,"75 Sutherland Junction, 90300, Terengganu",nurse
D89761,Aldus Stansby,12/7/1952,019-6732812,M,"0138 Monterey Avenue, 59787, Kuala Lumpur",doctor
N32330,Hillary Goldfinch,5/19/1988,011-05855142,M,"785 Armistice Plaza, 24302, Johor",nurse
N18408,Carolin Draijer,3/5/1988,011-99628910,F,"069 Jana Place, 53066, Johor",nurse
N81717,Tani Watkiss,8/4/1949,019-8215716,M,"44179 Chive Plaza, 34320, Perak",nurse
N94870,Joletta Newiss,11/21/1925,017-6446647,F,"9904 Washington Street, 40011, Penang",nurse
N53665,Idaline Sterry,4/28/1965,010-97638718,F,"94276 Village Pass, 02482, Johor",nurse
N89098,Corny Menpes,8/20/1927,011-64628603,F,"758 Ridge Oak Center, 06985, Terengganu",nurse
N91488,Nate Stairs,9/29/1978,018-8234706,F,"9173 Pennsylvania Road, 52647, Penang",nurse
N29623,Orsa Todarini,10/15/1919,010-77737257,M,"127 Village Green Circle, 85357, Melaka",nurse
D60762,Marc Janowski,1/2/1908,011-87525423,M,"5 Debs Street, 95218, Kedah",doctor
N73537,Keri McCall,6/19/1933,018-4753072,F,"82434 Artisan Trail, 22555, Kuala Lumpur",nurse
D14328,Filmer Kinchington,8/8/1940,011-96141169,F,"69 Forster Lane, 38169, Kuala Lumpur",doctor
N89035,Rivi Ibert,8/27/1909,011-49894301,M,"3014 Old Shore Place, 12410, Putrajaya",nurse
N68829,Norma Eastbrook,8/6/1968,010-51784887,F,"9 Kennedy Lane, 77710, Selangor",nurse
N20354,Elisabeth Krystof,7/3/1969,011-32918650,M,"5 Heath Center, 54209, Putrajaya",nurse
N73259,Jud Caro,8/15/1980,018-4197635,M,"0152 Rutledge Lane, 65618, Kedah",nurse
N85953,Iseabal Pinchbeck,2/8/1963,019-8857025,F,"8 Erie Circle, 98899, Perlis",nurse
N36593,Melinde Simukov,4/14/1918,017-7104330,M,"69522 Scott Lane, 16776, Kedah",nurse
N07728,Cris Branchflower,7/3/1943,011-11020602,F,"83 Northridge Street, 73067, Labuan",nurse
N12382,Modestine Condon,10/30/1905,019-6559698,M,"12 Village Green Park, 47901, Melaka",nurse
N57186,Dorita Fassbindler,1/19/1999,010-21038353,M,"587 3rd Parkway, 37810, Labuan",nurse
D70971,Letitia Windridge,2/25/1987,011-84507672,M,"8 Mayer Circle, 73508, Penang",doctor
N25112,Corny Molfino,4/6/1919,011-41756155,M,"5909 Nelson Way, 22565, Kelantan",nurse
N35566,Phip Nelsen,10/5/1920,010-04044399,F,"3946 Katie Point, 96775, Perak",nurse
D78906,Alessandra Meriott,1/15/1927,011-56122243,M,"27 Sundown Junction, 60708, Sabah",doctor
N38347,Anallese Spittal,6/22/1909,011-23262906,M,"28 Fuller Trail, 32483, Melaka",nurse
N91300,Rosemonde Giaomozzo,2/18/1952,019-7449601,M,"7 John Wall Lane, 52610, Perlis",nurse
N53189,Alvis Izakof,4/14/1941,014-8338762,F,"67 Linden Junction, 32622, Penang",nurse
N32176,Blithe Chappell,10/9/1987,010-50991906,M,"7 Dryden Junction, 95754, Perlis",nurse
N70310,Bord Nesbitt,9/2/1954,011-24214124,M,"6 Mesta Park, 35501, Perak",nurse
N91184,Barnabe ducarme,10/7/1961,019-7152903,F,"064 Manufacturers Park, 27279, Perak",nurse
N02334,Barde Hainey`,3/18/1975,010-75188160,M,"5 Muir Way, 89919, Melaka",nurse
D97949,Gerrie Owers,9/14/1967,010-93709532,F,"418 Butterfield Way, 69254, Perak",doctor
N70421,Charmain Gemnett,11/18/1928,018-2295818,M,"8 Mesta Drive, 02935, Pahang",nurse
D08615,Myrlene Duffield,4/25/1973,019-6693453,M,"069 5th Terrace, 37500, Johor",doctor
N89364,Clarissa Stoves,9/25/1954,014-2723970,M,"3715 Mayer Junction, 33307, Johor",nurse
D61997,Wait Strike,9/24/1943,019-0500212,F,"57 Fieldstone Place, 72748, Perak",doctor
N30251,Ellis Bilbee,3/12/1993,019-5903989,F,"73463 Clove Way, 49448, Melaka",nurse
D99731,Dillon Polly,3/17/1901,014-0268708,F,"0937 Mallard Junction, 91993, Sabah",doctor
N50487,Hanson Hannabuss,5/12/1901,010-56633395,F,"3 Vermont Circle, 99917, Labuan",nurse
N14584,Freddi Edkins,10/3/1902,016-5290322,F,"96248 Pierstorff Way, 28544, Kuala Lumpur",nurse
N53349,Say Possel,12/27/1904,011-62493443,M,"5256 Welch Way, 14353, Perak",nurse
N34521,Wakefield Reily,1/1/1959,019-6814131,M,"93326 Division Court, 05907, Pahang",nurse
N29787,Devan Tutsell,6/30/1990,011-87811738,M,"81 Kingsford Point, 58488, Terengganu",nurse
N63668,Joice Chalfant,9/8/1978,011-02216992,M,"7 Nevada Junction, 95545, Sabah",nurse
D61387,Malcolm Songest,3/3/1993,017-4950848,M,"37700 Mifflin Road, 23993, Perlis",doctor
D41652,Krysta Claus,6/12/1974,011-78841207,M,"99150 Raven Terrace, 61635, Labuan",doctor
N52344,Ned Campanelle,7/20/1912,010-20127925,M,"63 Lunder Terrace, 56087, Perak",nurse
D27490,Gaultiero Jacob,4/1/1965,010-42408649,M,"38 Heffernan Circle, 60983, Melaka",doctor
N26508,Cello Colbran,4/26/1946,019-3405247,F,"60 Debra Place, 30407, Terengganu",nurse
N95528,Jocelyne Cuberley,5/16/1945,010-63190089,F,"9 Eagan Pass, 86202, Kuala Lumpur",nurse
N74670,Gilles Whiscard,6/3/1959,019-5130772,M,"05 Mesta Junction, 68696, Kelantan",nurse
N58925,Anna-maria Swaffield,4/12/1951,019-9629671,F,"0183 Oriole Center, 93218, Melaka",nurse
D42083,Crystal Wasbrough,4/8/1923,010-93772140,F,"83106 Elgar Junction, 01840, Melaka",doctor
N15376,Flynn Gallahue,11/19/1937,019-4149746,F,"8 Mitchell Trail, 08577, Perlis",nurse
N91404,Gunar Hast,4/20/1941,017-9131158,M,"98 Farmco Crossing, 14446, Pahang",nurse
D75348,Martina Massot,6/24/1959,010-68312082,M,"4 Becker Alley, 93905, Perak",doctor
N37291,Jany Dobing,5/29/1908,010-04060401,M,"9 Iowa Alley, 30459, Selangor",nurse
N87800,Sibley Huonic,6/19/1982,013-7751911,F,"0 Corscot Road, 63179, Penang",nurse
D98561,Iosep Bonnell,4/5/1979,018-9884443,M,"827 Portage Junction, 57030, Melaka",doctor
N50695,Nessie Morecomb,8/26/1967,010-44227701,M,"270 Talmadge Terrace, 21345, Kedah",nurse
N92301,Halie Lazarus,4/20/1930,010-58986596,M,"4 Golf Hill, 62217, Labuan",nurse
N58013,Niki de Chastelain,4/25/1965,011-30654437,M,"41583 Cottonwood Trail, 96215, Terengganu",nurse
N29488,Brandea Stotherfield,1/4/1977,016-5605488,F,"89148 Center Place, 21854, Sabah",nurse
N75248,Kesley Keeltagh,2/13/1966,011-91694657,M,"8 Cambridge Hill, 08283, Perlis",nurse
D28904,Dorise Cunnington,2/12/1946,011-24452156,M,"35 Talmadge Trail, 87104, Pahang",doctor
N11416,Hank Andrioni,11/29/1949,011-52844490,F,"9490 Graedel Road, 91233, Penang",nurse
N07980,Jojo Blackden,2/25/1959,011-13106901,F,"309 Northport Road, 00931, Sabah",nurse
N83724,Cinnamon Goodboddy,2/15/1963,019-2477960,M,"7134 Shelley Center, 40806, Perlis",nurse
N94564,Rosa Kiffin,6/21/1906,018-9240697,M,"946 Sundown Court, 18488, Melaka",nurse
N75302,Chadwick Poyner,2/24/1950,011-8381916,F,"0 Dapin Center, 78862, Sabah",nurse
N94323,Nicolai Jansey,2/19/1984,019-2841055,F,"76795 North Drive, 00514, Putrajaya",nurse
N93942,Daune Trank,4/12/1943,019-2808800,M,"08678 Merrick Way, 37512, Penang",nurse
N85937,Bradan Baggs,4/23/1936,019-9377600,M,"1 Algoma Place, 56795, Negeri Sembilan",nurse
N14760,Rafa Jerzykiewicz,8/5/1923,017-6782374,M,"2 Continental Street, 75427, Sabah",nurse
N11358,Cyrus Rosario,8/12/1987,010-51322261,F,"4 Truax Point, 46480, Pahang",nurse
N04113,Jacquelin Andrzejewski,7/13/1982,019-0487942,F,"83239 Vahlen Court, 23271, Sabah",nurse
N74564,Ashlan Benet,6/15/1931,011-83110750,F,"235 Fairfield Parkway, 61006, Sarawak",nurse
D03301,Rubin Stanlake,6/13/1988,011-88950550,F,"0247 Westerfield Road, 32821, Perlis",doctor
N83698,Boris Roser,10/3/1909,014-9214993,F,"5 Springs Street, 64478, Kelantan",nurse
N73170,Boony Sherar,4/27/1951,018-3069175,F,"5413 Holy Cross Point, 35413, Negeri Sembilan",nurse
D26442,Dorrie Pacey,9/17/1948,010-56197274,F,"6791 Loomis Point, 69042, Perlis",doctor
N82616,Park Braiden,11/11/1901,018-3584952,F,"64 Towne Avenue, 31260, Johor",nurse
N90295,Felicio Leaming,12/15/1954,011-36757806,F,"4348 Randy Drive, 16046, Pahang",nurse
N80201,Stormy Loosley,7/5/1943,010-57673837,M,"05 Warrior Court, 91488, Perlis",nurse
D47154,Antone Atton,10/19/1929,019-5603259,M,"66346 Cherokee Parkway, 93593, Putrajaya",doctor
N42652,Elayne Yacobsohn,11/28/1939,011-37741646,M,"0597 Pearson Park, 49053, Labuan",nurse
N08587,Ann-marie Leggin,8/27/1916,011-10178696,F,"19728 Meadow Valley Lane, 85234, Putrajaya",nurse
N51293,Linzy Baume,4/13/1970,010-14731231,F,"81961 Rutledge Lane, 03931, Perlis",nurse
D53961,Colline Colton,8/31/1934,011-74784006,M,"9587 Surrey Terrace, 33829, Terengganu",doctor
N49811,Cristy Clemits,5/11/1993,011-46703610,F,"94 Cambridge Circle, 60333, Kelantan",nurse
D01625,Lorenza Slocomb,5/25/1978,019-9785741,M,"0 Morningstar Court, 65696, Putrajaya",doctor
N03914,Alfred Forrestill,10/9/1976,019-6177934,M,"562 Ridge Oak Road, 79856, Selangor",nurse
N90844,Arnie Reckhouse,8/10/1952,011-66263203,M,"52870 Bluestem Point, 75175, Negeri Sembilan",nurse
N25081,Gabi Cape,6/23/1977,018-1340695,M,"627 Valley Edge Pass, 50823, Negeri Sembilan",nurse
D32904,Noreen Harkes,6/16/1935,010-02248715,M,"2396 Morningstar Road, 60306, Labuan",doctor
N85026,Odessa Duer,6/3/1905,011-13212368,F,"94761 Lerdahl Drive, 30249, Perak",nurse
N12187,Dee Purdey,2/22/1925,019-9430667,F,"355 Ridgeview Terrace, 35443, Terengganu",nurse
N05697,Alexine Fuller,9/5/1919,010-32808031,M,"4183 7th Court, 17321, Pahang",nurse
N30939,Dalis Tookey,4/8/1961,019-3211742,M,"353 Corscot Crossing, 53917, Perlis",nurse
D35363,Garrot Polamontayne,11/2/1913,011-89261404,M,"5 Basil Court, 19237, Labuan",doctor
N88225,Essie Hegel,12/27/1915,011-75576949,M,"47397 Quincy Terrace, 31596, Penang",nurse
D19145,Judy Caren,10/5/1955,017-2581666,F,"86531 Lighthouse Bay Center, 62715, Perak",doctor
N47793,Valaria Dinsdale,5/3/1938,016-0631740,M,"4 Colorado Park, 99891, Labuan",nurse
N74331,Winnah Bramah,6/6/1959,011-96569079,F,"32862 Sachtjen Center, 95691, Melaka",nurse
N17971,Carmencita Roisen,6/13/1984,017-3589421,M,"9727 Welch Center, 76515, Perlis",nurse
N23275,Andrea Grunbaum,6/24/1958,017-1406785,M,"3 Reindahl Terrace, 70842, Perlis",nurse
N25632,Devin Such,1/2/1980,011-90833519,F,"4423 Corben Avenue, 18287, Pahang",nurse
N87667,Everett Gebhardt,10/28/1919,011-98588123,M,"087 Monterey Street, 08055, Negeri Sembilan",nurse
N49698,Annis Gundry,10/8/1936,011-20017446,M,"6 Briar Crest Alley, 58958, Sarawak",nurse
N67036,Kelila Gooble,6/13/1928,011-05737423,M,"18798 Rusk Circle, 09288, Terengganu",nurse
N73002,Chas Thom,4/6/1903,010-97039926,F,"00245 Fulton Road, 44694, Labuan",nurse
N49544,Gilligan Beazey,4/29/1931,011-38567424,F,"67 Steensland Place, 65988, Johor",nurse
D97950,Willy Loutheane,9/23/1910,019-3738630,M,"0377 Mandrake Point, 81645, Labuan",doctor
N97126,Ayn Ham,8/16/1956,010-40693937,F,"525 Golf Park, 75679, Sabah",nurse
N84351,Leupold Dykas,12/2/1980,018-4103132,M,"6 Heath Trail, 65776, Sarawak",nurse
N89587,Yehudit Beig,8/6/1939,019-2722707,M,"0748 David Terrace, 36260, Melaka",nurse
N59595,Sandye Eakley,2/15/1949,019-4104789,M,"12 Northland Place, 42121, Kuala Lumpur",nurse
N63943,Esta Baggalley,3/20/1986,011-86547277,M,"1 Maryland Drive, 15657, Pahang",nurse
N84802,Carmela Weatherill,12/6/1986,011-93504155,M,"02098 Meadow Ridge Drive, 72966, Perak",nurse
D20699,Hugues Gettone,3/29/1970,019-4979913,M,"5 Barnett Trail, 72627, Kedah",doctor
N35934,Giovanni Verheijden,6/3/1959,011-56045654,M,"444 Michigan Alley, 69887, Sabah",nurse
N81856,Romonda D'Arrigo,12/14/1983,011-31293826,M,"68395 Farwell Pass, 20225, Pahang",nurse
N30996,Elonore Hassett,12/12/1986,011-11212542,M,"179 Victoria Lane, 42062, Kuala Lumpur",nurse
N08633,Don Cloake,5/12/1948,010-66362826,M,"97 Melrose Circle, 38680, Negeri Sembilan",nurse
N24118,Olin Franzelini,7/15/1971,010-64843070,M,"6116 Sunfield Plaza, 65753, Putrajaya",nurse
D72446,Vivianne Ghio,7/4/1924,016-3030995,M,"011 Forest Run Pass, 04007, Penang",doctor
N48237,Fraze Riden,1/9/1980,011-41040935,F,"582 Claremont Drive, 03356, Perlis",nurse
N65089,Mersey Linne,11/10/1952,019-3705277,M,"8 Luster Lane, 12347, Johor",nurse
N58735,Pauline Davion,12/29/1904,011-69337245,M,"3749 Declaration Park, 21494, Perlis",nurse
N73434,Letta Grigoryev,3/23/1954,018-1505520,M,"5281 Thackeray Plaza, 81650, Melaka",nurse
D47153,Vanna Karoly,3/7/1942,011-21643582,F,"1361 Arizona Center, 42220, Sabah",doctor
D31772,Hall Rosbottom,2/14/1907,011-34878199,F,"16672 Hoepker Court, 19683, Putrajaya",doctor
N05740,Nata Colisbe,5/12/1958,011-39143358,M,"1 Nancy Pass, 66926, Sabah",nurse
N73978,Lauri Madgwick,9/19/1904,019-2972239,M,"01 Holmberg Hill, 16463, Kelantan",nurse
N07974,Rhianna Goscomb,12/8/1974,018-2756881,F,"2940 Bartelt Parkway, 48091, Kuala Lumpur",nurse
N57349,Alameda McIvor,11/7/1965,011-71603528,F,"32784 Swallow Circle, 72393, Kelantan",nurse
N48535,Inness Scandred,7/9/1970,011-66909438,M,"84668 Fair Oaks Street, 11141, Labuan",nurse
N72772,Gunther Bartczak,8/21/1993,010-00693275,M,"8320 Ryan Way, 31153, Perlis",nurse
N74448,Aggie Madrell,6/27/1997,011-12183198,F,"435 Bayside Road, 19307, Sabah",nurse
N35357,Olivero Chase,2/21/1955,017-0129409,M,"42 Village Place, 15209, Selangor",nurse
N59426,Victor Nelmes,9/20/1985,018-2723767,F,"65592 Farwell Point, 51692, Pahang",nurse
N13721,Drew Aizikovitz,5/16/1958,019-5794378,M,"31 Mockingbird Drive, 63868, Perlis",nurse
D79848,Gwenny Yetton,2/2/1986,011-38744073,M,"8659 Mockingbird Center, 57865, Melaka",doctor
N11239,Lazare Conn,11/28/1965,018-9650175,F,"40904 Cambridge Circle, 46382, Perak",nurse
D78358,Locke Andino,8/30/1901,011-41786905,M,"1286 Manitowish Trail, 33804, Sabah",doctor
N21273,Roxanna Losseljong,3/31/1978,010-52523108,M,"60 Ryan Hill, 49664, Perak",nurse
N42553,Janot Nekrews,9/25/1989,010-62296461,F,"62 School Park, 35729, Sarawak",nurse
N72003,Burtie Shapcott,9/7/1946,018-6875123,F,"150 School Point, 75747, Labuan",nurse
N48209,Tracey Musterd,7/19/1914,010-49496237,M,"8 Delaware Point, 20494, Penang",nurse
N35652,Henrik Pranger,9/8/1981,017-3193865,M,"7 Dahle Place, 90517, Johor",nurse
N66907,Lacee Letford,8/7/1965,010-17093807,M,"627 Manley Alley, 87009, Melaka",nurse
D70350,Germana Seargeant,11/5/1928,014-9524271,F,"330 Hooker Place, 65798, Kelantan",doctor
N44355,Bunnie Handlin,3/18/1950,013-5395634,F,"7 Badeau Drive, 02359, Sabah",nurse
N11444,Wynny Synke,12/31/1919,010-98890343,M,"86 Forest Parkway, 17332, Kelantan",nurse
N86013,Maddalena Shorton,9/3/1944,018-7767898,M,"1386 Arrowood Circle, 57157, Labuan",nurse
N55487,Joyan Ohm,2/6/1993,019-7170067,M,"742 Truax Way, 33346, Sarawak",nurse
N31664,Obadiah Riccioppo,9/20/1992,011-57645025,M,"51 Hermina Junction, 96154, Putrajaya",nurse
N03446,Lanna Duncanson,12/15/1918,013-8290111,F,"16 Steensland Road, 95517, Perak",nurse
N90753,Mirilla Leary,2/21/1909,018-3821029,F,"88 Garrison Place, 68993, Johor",nurse
D64542,Armstrong Brimilcombe,12/11/1978,017-9677362,M,"642 Emmet Parkway, 24099, Sabah",doctor
N75886,Filbert Maso,9/22/1988,011-97025190,F,"6256 Green Ridge Court, 16941, Terengganu",nurse
N38481,Sargent Hunnybun,1/30/1949,011-46032501,F,"097 Sunnyside Street, 68218, Sarawak",nurse
N40114,Enrica Pepperrall,2/9/1901,013-8423700,F,"62 Cardinal Park, 03591, Penang",nurse
N35847,Sherill Clibbery,4/16/1987,011-24512428,M,"83544 Kingsford Terrace, 72174, Pahang",nurse
D78438,Sibella Hendricks,3/9/1927,010-34498043,F,"4271 Saint Paul Crossing, 15789, Labuan",doctor
D79779,Shawna Sheals,5/29/1919,018-1971311,F,"21 Boyd Pass, 52713, Kuala Lumpur",doctor
N03266,Braden Mateev,2/2/1950,018-4781679,F,"07 Hallows Hill, 51290, Kelantan",nurse
N46967,Vilma Lamble,7/29/1992,010-60010538,F,"6 Stone Corner Drive, 87565, Johor",nurse
N52896,Leeanne Otton,9/28/1932,019-3017009,M,"571 Scott Circle, 38417, Labuan",nurse
D98837,Nananne Mealiffe,12/5/1955,018-1281848,M,"72148 South Drive, 84192, Kuala Lumpur",doctor
N42457,Emanuele Reynoollds,7/17/1975,016-7083263,M,"44 Scoville Parkway, 42187, Kelantan",nurse
N99491,Saidee Banaszewski,10/4/1973,019-5511499,F,"8392 Magdeline Center, 36243, Selangor",nurse
N19803,Leontine Tolliday,5/22/1971,011-98899694,F,"5735 West Circle, 04413, Sarawak",nurse
N92507,Annice Darter,11/1/1971,010-72195366,M,"660 Rusk Alley, 07047, Kuala Lumpur",nurse
N65530,Frederico Browne,3/11/1997,018-3649891,F,"246 Fairfield Alley, 78872, Kuala Lumpur",nurse
N63682,Devinne Bensley,4/9/1981,011-02946585,M,"5351 Shopko Parkway, 22701, Melaka",nurse
N73913,Sallyann Stonard,10/3/1919,019-7204460,F,"61 Hudson Park, 23852, Johor",nurse
D67875,Clarice Kelloch,6/10/1914,012-0152063,F,"3279 Moland Pass, 84991, Terengganu",doctor
N42896,Levy Dunk,1/7/1978,018-8216291,M,"03 Graedel Pass, 43527, Johor",nurse
N96061,Benoit Connock,10/22/1924,011-64094905,F,"32 Morning Point, 53638, Kelantan",nurse
D54777,Agace Hotchkin,1/12/1967,010-55378728,M,"9525 Sunbrook Way, 93176, Sabah",doctor
D66094,Gina Sudlow,9/14/1945,010-97208838,M,"3 Arkansas Lane, 31484, Sarawak",doctor
N41060,Nike Craigmile,4/21/1933,019-4503145,F,"436 Annamark Drive, 14293, Labuan",nurse
N53450,Peggy Botler,8/26/1939,010-40203808,F,"7 Jenna Hill, 97599, Pahang",nurse
N85718,Lacee Odo,6/23/1904,011-89540061,M,"361 Schiller Trail, 89588, Sabah",nurse
D46054,Hayden Weblin,12/29/1934,010-30090720,M,"34484 Northwestern Place, 91976, Kuala Lumpur",doctor
N61149,Melisenda Harrhy,4/19/1935,018-6364941,M,"531 Cherokee Circle, 19362, Kelantan",nurse
N35971,Abeu Riepl,11/17/1996,010-52352626,M,"83 Melby Way, 34916, Terengganu",nurse
N58180,Lemmy Vasyushkhin,11/6/1979,019-3963056,F,"6 Hagan Circle, 01886, Melaka",nurse
N29954,Constancia Shilton,8/2/1910,011-82078833,F,"4069 Nevada Point, 86669, Penang",nurse
N18151,Flin Piercy,6/28/1915,011-12217618,M,"52 Kingsford Trail, 69776, Penang",nurse
D61569,Thelma Snelle,4/29/1930,019-4894088,M,"3632 Sunnyside Center, 19339, Putrajaya",doctor
N97018,Rene Kitchener,5/11/1925,011-49357939,F,"774 Dunning Trail, 97280, Kedah",nurse
N65263,Rosamund Tennewell,7/5/1955,011-61867813,M,"22 Warrior Junction, 24432, Melaka",nurse
N23832,Rogerio Lockie,6/5/1932,011-66605807,F,"7 Summit Court, 47355, Perak",nurse
N53623,Marisa Stutt,9/27/1922,019-1333678,F,"5453 Victoria Plaza, 48573, Pahang",nurse
N94997,Vincent O'Scollain,6/11/1993,019-0633086,M,"3 International Circle, 08085, Negeri Sembilan",nurse
N41989,Meredeth Gergus,3/9/2000,019-8266824,F,"1218 Ronald Regan Crossing, 90073, Johor",nurse
N14117,Katinka Ryles,3/7/1979,019-5722062,M,"009 Surrey Street, 40549, Perak",nurse
N53550,Sherye Dymock,8/5/1989,011-87525840,F,"0 Summer Ridge Terrace, 81547, Melaka",nurse
D30905,Boycey MacMickan,9/4/1920,011-30475350,M,"04612 Holmberg Pass, 30216, Terengganu",doctor
N82718,Wileen Jagiela,11/11/1921,010-81313555,F,"1308 Golf View Park, 30162, Putrajaya",nurse
D36555,Adina Symcock,5/16/1974,011-11719456,F,"24 Morningstar Pass, 33562, Melaka",doctor
N23836,Errol Masurel,10/26/1957,010-43729771,F,"58618 Crest Line Court, 53921, Negeri Sembilan",nurse
N24975,Charley Spellman,6/6/1924,011-50547557,M,"15 Luster Terrace, 70467, Negeri Sembilan",nurse
N89199,Xenia Tilburn,10/30/1918,019-7072909,M,"674 Cordelia Court, 09746, Perlis",nurse
N64992,Dodi Hake,2/21/1944,010-89935455,M,"1 Judy Circle, 22103, Putrajaya",nurse
N50545,Kenna Millam,1/12/1942,018-1533872,M,"6212 Nancy Plaza, 35511, Labuan",nurse
N22638,Angelina Bewfield,6/5/1910,017-4189539,F,"7 Schmedeman Parkway, 60456, Pahang",nurse
D60538,Roselle Cobb,3/21/1959,011-46828230,M,"924 Jenna Junction, 71240, Perlis",doctor
N49802,Almeria Biers,2/12/2000,011-28910445,M,"91956 Warrior Crossing, 80613, Labuan",nurse
D87239,Ciel Bettleson,2/16/1940,019-0866875,M,"15 Stuart Center, 42827, Johor",doctor
N85936,Nevins Tissington,4/2/1964,017-8326541,M,"67027 Beilfuss Alley, 36614, Terengganu",nurse
N12940,Mabelle Burnhams,7/14/1999,010-12783881,M,"55604 Namekagon Court, 58565, Kelantan",nurse
N29733,Keane Sango,6/16/1934,017-9952373,F,"661 Clemons Parkway, 07066, Johor",nurse
D25886,Farley Abbiss,7/19/1914,010-41619884,F,"64 Eggendart Point, 27743, Labuan",doctor
N52225,Janean Prestige,6/17/1980,018-8819067,M,"7 Hansons Plaza, 82639, Negeri Sembilan",nurse
N49856,Dani Vears,11/24/1900,018-3364966,F,"70 Welch Parkway, 09336, Negeri Sembilan",nurse
N03217,Frederik Grannell,8/3/1942,011-61351752,F,"9511 Tony Avenue, 83302, Johor",nurse
D83978,Jimmy Friberg,2/3/1983,019-9870088,F,"0310 Nelson Junction, 49973, Kedah",doctor
N62136,Stanfield Kasher,9/8/1942,019-8458389,M,"9 Daystar Terrace, 89718, Melaka",nurse
N80553,Euphemia Haborn,4/6/1916,010-18295743,M,"34 Washington Road, 78579, Johor",nurse
N88481,Tilly Jencken,11/12/1976,010-56014866,M,"2511 Scofield Hill, 07578, Penang",nurse
D25646,Waldo Teligin,8/13/1977,010-86664803,F,"430 Glendale Pass, 89476, Sabah",doctor
N56273,Britney Wooderson,6/24/1994,011-58023520,M,"610 Lakewood Pass, 92645, Labuan",nurse
D39895,Vivianne MacMurray,8/25/1998,019-7129775,F,"2488 Dexter Road, 49995, Selangor",doctor
N19143,Brockie Harper,7/3/1948,016-6747502,M,"4353 Kinsman Junction, 21323, Kelantan",nurse
D25642,Whittaker Lambeth,6/24/1940,019-8051634,F,"70120 Fulton Avenue, 37673, Kedah",doctor
N36215,Danita Bonelle,7/26/1957,019-9388159,M,"430 Blackbird Point, 46923, Kelantan",nurse
N57641,Emili Paynes,4/28/1983,019-9212556,F,"3417 Scott Way, 60534, Perak",nurse
N07477,Alessandro Dawnay,3/16/1978,019-0005693,F,"1240 Westend Pass, 05002, Sarawak",nurse
D19564,Tatiana Dimond,12/18/1946,017-1316634,F,"110 Wayridge Pass, 58693, Johor",doctor
N01282,Abraham Fowkes,11/25/1999,011-90286433,F,"9757 Fremont Park, 98028, Labuan",nurse
N37205,Arden Betteson,10/8/1951,010-08652249,M,"03947 Grayhawk Avenue, 31290, Johor",nurse
D36138,Wendy Bonnyson,7/30/1952,019-7742250,F,"959 Ronald Regan Way, 42132, Kuala Lumpur",doctor
D70705,Sabra Bourne,1/6/1908,018-8084728,F,"5405 Jenifer Court, 23476, Kelantan",doctor
D69894,Berkie Brozsset,2/11/1979,011-82834269,F,"71 Summerview Trail, 30376, Selangor",doctor
N32985,Trip Lavery,1/3/1923,016-4328038,M,"67 Starling Hill, 73096, Johor",nurse
N57286,Sena Coggen,11/23/1900,016-3775144,F,"9756 Forster Avenue, 58118, Kelantan",nurse
N15601,Kandace Dutnell,1/30/1993,011-36951700,F,"871 Lukken Street, 12056, Perlis",nurse
N51893,Fons Clutheram,5/23/1971,011-91674903,M,"0 Morningstar Crossing, 81029, Kelantan",nurse
N71712,Erv Murkitt,9/23/1956,010-80307584,M,"1 Mosinee Terrace, 50732, Terengganu",nurse
N71258,Isidora Lathom,6/13/1996,017-1405551,F,"21998 Ryan Alley, 90429, Perak",nurse
N07852,Llewellyn Derington,8/23/1974,010-23606750,M,"086 Jay Way, 38806, Johor",nurse
D87332,Demetrius Uglow,3/14/1902,011-00450196,M,"555 Iowa Point, 99725, Perak",doctor
D54744,Fax Hollyard,2/7/1988,016-2646760,M,"8522 Farmco Alley, 41206, Selangor",doctor
N06662,Zaneta Fancett,9/21/1920,010-96704945,F,"60314 Mifflin Hill, 26322, Kuala Lumpur",nurse
N80191,Crystal Dudgeon,9/26/1994,011-85269279,M,"70 Warrior Center, 94649, Sabah",nurse
D81214,Ira Barok,9/27/1978,018-4384878,F,"61192 Fordem Lane, 66484, Johor",doctor
D13722,Dorotea Rossi,8/7/1952,010-94547825,F,"35331 Cottonwood Street, 04848, Kedah",doctor
N45721,Claresta Antonin,2/27/1974,011-58178928,F,"26698 Ryan Circle, 01838, Kedah",nurse
N10209,Marsh McNellis,9/29/1923,017-0591096,F,"952 Anzinger Road, 94901, Melaka",nurse
D56441,Lissa Gjerde,5/16/1982,018-0658700,M,"03 Miller Street, 99640, Kuala Lumpur",doctor
D79580,Elsbeth Prince,9/15/1959,010-03702506,M,"56 Division Parkway, 75493, Pahang",doctor
D08965,Martainn Lux,8/18/1924,010-41801794,M,"9370 Merrick Crossing, 39611, Johor",doctor
N82644,Andra Goodchild,3/6/1987,011-02911467,M,"2 Buena Vista Junction, 03726, Kelantan",nurse
N86402,Ingunna Shambrook,6/20/1949,011-78887991,M,"771 Garrison Center, 36492, Perak",nurse
N45248,Abby Cotesford,1/16/1937,010-91592177,F,"26 Holmberg Parkway, 58455, Negeri Sembilan",nurse
N20753,Hildegaard Culross,8/18/1952,017-6909710,F,"3 Jenna Hill, 30092, Labuan",nurse
N81500,Teressa Pachta,5/18/1970,018-0820887,M,"603 Shelley Center, 66739, Sabah",nurse
D42301,Cull Roset,9/6/1971,011-19593897,M,"77 Lukken Way, 63862, Labuan",doctor
N59232,Lucy Blencowe,9/2/1926,010-66051770,M,"65 Dorton Alley, 48326, Johor",nurse
N76584,Janice Chanders,10/17/1976,019-8441425,M,"42737 Rusk Hill, 30149, Kuala Lumpur",nurse
N73714,Gilligan Baraclough,8/19/1991,017-0269597,M,"667 Union Center, 49390, Sabah",nurse
N51848,Carol-jean McCrackem,5/17/1958,019-4983417,F,"29274 Melrose Court, 51060, Penang",nurse
N60538,Gwenneth Corten,2/24/1940,018-0428837,M,"475 Red Cloud Trail, 04640, Perlis",nurse
N96460,Mariejeanne Tratton,5/3/1979,018-7321538,F,"62 Darwin Way, 53417, Sarawak",nurse
N55878,Lemar Nutbean,8/4/1916,019-3101123,F,"49453 Canary Crossing, 84428, Kuala Lumpur",nurse
N02418,Glyn Marsham,10/26/1952,017-2267172,M,"74 Columbus Pass, 25103, Pahang",nurse
N47466,Joni Wingeatt,1/12/1958,010-60549385,M,"9 Esker Lane, 89330, Kuala Lumpur",nurse
N81776,Melly Boxall,4/8/1950,019-3743809,F,"1179 Lakeland Center, 78625, Labuan",nurse
D26405,Nollie Maltby,12/29/1970,019-4824287,M,"4 Glendale Lane, 31700, Penang",doctor
N32566,Sammy Aslam,12/14/1949,010-15131640,M,"3978 Fallview Avenue, 01818, Sabah",nurse
N18407,Kaitlin Winn,5/15/1918,010-49526632,F,"27 American Center, 25614, Selangor",nurse
N32762,Friedrick Slessar,12/16/1925,019-7796225,M,"93397 Rutledge Avenue, 40876, Johor",nurse
D43058,Adair Linde,2/15/1920,018-7681150,M,"50 Bashford Hill, 68203, Perak",doctor
N38266,Nollie Apfler,5/22/1930,010-94580916,M,"34 Blue Bill Park Drive, 22340, Perak",nurse
D08454,Moreen Laurence,11/17/1981,010-31654922,M,"26047 Dahle Road, 35149, Pahang",doctor
N21391,Flossy Trunchion,8/9/1955,018-8431370,F,"217 International Point, 90685, Kelantan",nurse
N61830,Hobie Baldini,11/9/1925,010-44621053,F,"990 Express Terrace, 45041, Terengganu",nurse
N79996,Myrtia Frow,9/26/1993,011-87551686,F,"2 Sunfield Park, 49360, Pahang",nurse
N77377,Patricio McMurray,8/13/1941,018-9782167,M,"7 Swallow Hill, 11941, Kedah",nurse
N77610,Fax Watmough,4/7/1925,011-28726816,F,"7 Jay Circle, 13854, Negeri Sembilan",nurse
N52240,Krispin Windless,9/9/1921,010-44269778,M,"3 Barby Alley, 35757, Johor",nurse
D80755,Rosalinde Corter,12/10/1962,010-40220502,F,"5931 Oxford Terrace, 94715, Terengganu",doctor
N33119,Alberto Cornelis,12/23/1979,018-0197256,F,"24954 Marquette Terrace, 33481, Sabah",nurse
D14179,Onfre Lockier,1/26/1923,010-28031028,F,"03021 Del Sol Road, 04696, Johor",doctor
D96219,Deonne Carlaw,8/25/1963,019-6940300,M,"10579 Fieldstone Court, 84602, Penang",doctor
N89411,Jacky Booton,9/10/1939,019-6221676,M,"76518 Arizona Point, 68719, Labuan",nurse
N41323,Pasquale Greville,11/27/1972,011-15900419,F,"3226 Mitchell Plaza, 12070, Kelantan",nurse
N75894,Susy Lemme,8/22/1948,019-2981756,F,"3979 Carey Center, 54039, Melaka",nurse
D13400,Skyler Milam,7/12/1952,019-7917038,F,"3 Sunbrook Road, 94677, Perlis",doctor
N39705,Natalie Bindley,4/6/1916,019-5808861,M,"43 Elmside Plaza, 87800, Kedah",nurse
N35375,Amalita Guiraud,5/27/1971,019-2137056,M,"71 Ryan Avenue, 39394, Johor",nurse
N63084,Izaak Warbey,2/3/1958,011-85043851,F,"4947 Spaight Pass, 85242, Kuala Lumpur",nurse
D77308,Cornelius Ivanchov,1/25/1999,019-8365888,F,"0 Rockefeller Circle, 51889, Labuan",doctor
N02015,Bobbe Skelcher,8/4/1989,011-66144366,F,"66422 Shopko Avenue, 29171, Kelantan",nurse
N70727,Thalia Beech,3/13/1956,019-6266179,F,"2781 Prairie Rose Plaza, 62579, Kedah",nurse
N33806,Hally Colbridge,12/4/1944,010-69584174,M,"0514 Reinke Junction, 49626, Kuala Lumpur",nurse
N92482,Riordan Strond,12/24/1921,010-22899071,M,"2985 Mayer Terrace, 44741, Negeri Sembilan",nurse
N75378,Gardie Rumke,6/30/1989,018-3257517,M,"4 Summit Way, 39120, Terengganu",nurse
D15826,Elfrieda Blanchette,12/12/1956,010-77958046,F,"9 Melvin Terrace, 32738, Pahang",doctor
N24302,Valentin Haldon,4/24/1923,011-28172386,F,"5 Florence Way, 66316, Penang",nurse
D23922,Catlaina Youings,10/8/1971,019-1698343,F,"75 Northwestern Lane, 02691, Selangor",doctor
N62995,Brynn Abella,7/10/1958,019-0703710,F,"4 Paget Crossing, 03301, Sarawak",nurse
N97590,Jamie Meecher,12/10/1999,010-93356191,F,"743 Hooker Parkway, 46773, Perlis",nurse
N72485,Shaine Blowne,8/26/1971,019-7094806,F,"46 Meadow Vale Place, 98423, Kuala Lumpur",nurse
D67907,Esther Gartenfeld,3/11/1928,019-9853326,M,"7025 Melody Circle, 25903, Melaka",doctor
D39554,Doti Rean,9/9/1972,011-92149902,F,"46 Boyd Street, 51930, Selangor",doctor
N29133,Ford Biddiss,8/11/1912,018-0823635,F,"95869 Dakota Lane, 38802, Kelantan",nurse
N88197,Edsel Starsmore,4/25/1976,019-4128655,F,"503 Clove Crossing, 65768, Kedah",nurse
N00279,Ned Rosellini,9/9/1991,016-6611492,F,"8623 Oak Crossing, 99998, Perak",nurse
N36628,Brier MacArthur,1/17/1987,010-49220428,M,"9 Springs Plaza, 70395, Melaka",nurse
N30336,Consolata Rubenchik,11/3/1903,011-44337290,F,"623 Bowman Parkway, 83121, Pahang",nurse
N67529,Husain Josefsson,12/5/1905,018-3738696,M,"61779 Knutson Terrace, 85795, Sabah",nurse
D61563,Fan Langshaw,6/27/1915,017-9777906,M,"59 Artisan Court, 62142, Penang",doctor
N62136,Claudell Kybird,5/31/1960,011-59794678,F,"4 Ridge Oak Street, 48023, Kuala Lumpur",nurse
D55176,Ginny Matthew,4/5/1983,010-80631287,F,"38 Sundown Terrace, 51225, Kuala Lumpur",doctor
N05355,Ingrid Farnall,5/21/1914,019-7024890,M,"319 Burrows Crossing, 15601, Putrajaya",nurse
N64341,Roxi Valentetti,2/18/1921,018-9283604,M,"8 Melby Place, 47044, Kedah",nurse
D47762,Alvinia Cardall,4/22/1999,010-43461230,F,"28076 Fallview Alley, 40018, Johor",doctor
N46038,Barbi Hendrichs,9/2/1971,010-55451891,M,"2 Westridge Point, 70683, Melaka",nurse
N85290,Vania Abbys,2/20/1903,018-2643412,F,"4 Corscot Junction, 07126, Negeri Sembilan",nurse
N70788,Nonna Forlonge,5/18/1961,019-7920707,F,"78 Rigney Trail, 25859, Perak",nurse
N48053,Gifford Keiling,9/21/1999,018-3225753,F,"44 Porter Trail, 37060, Melaka",nurse
N99246,Sherry Copes,5/18/1926,017-8553576,M,"446 Florence Terrace, 75012, Pahang",nurse
N59180,Izaak Graal,7/24/1951,011-51420676,F,"124 Anhalt Street, 34220, Kelantan",nurse
D20912,Marie-jeanne Venn,12/21/1977,011-43737666,F,"16 Little Fleur Road, 34444, Kuala Lumpur",doctor
D58872,Ryley Pien,8/26/1926,018-2422315,M,"86464 Graceland Lane, 44665, Perlis",doctor
D36764,Selby Cunniff,9/14/1964,011-55966301,F,"61611 Manufacturers Park, 09127, Kuala Lumpur",doctor
N03299,Sherie Longmead,3/17/1960,011-06038000,M,"8 Forest Dale Terrace, 69140, Sabah",nurse
N99177,Marice Tebbut,7/12/1908,018-6942656,F,"35 Reinke Park, 20800, Kelantan",nurse
N99486,Melantha Sansun,7/24/1954,019-4190640,M,"2544 Eagle Crest Junction, 49528, Perlis",nurse
N78715,Lynett Vanyashin,8/26/1997,019-4643724,F,"795 Valley Edge Alley, 83399, Perlis",nurse
N39017,Inglebert Silk,9/19/1958,011-67112773,F,"52 Sutherland Terrace, 87635, Kelantan",nurse
N25749,Vidovic Shildrake,3/12/1995,019-0954430,M,"86 Arizona Alley, 13001, Johor",nurse
N36956,Donnie Mulvany,5/19/1940,010-71556733,M,"79781 Morning Avenue, 47584, Sarawak",nurse
D76444,Emelda Tellesson,12/3/1983,010-99271510,M,"04869 Aberg Crossing, 48954, Kedah",doctor
N08720,Morry Lezemore,10/28/1905,017-7426199,F,"9 Gerald Parkway, 12319, Melaka",nurse
N82138,Alika Busse,5/20/1999,011-57452777,F,"20 Stuart Street, 54771, Pahang",nurse
N02855,Tami Gibberd,11/4/1965,019-7705515,F,"74 Stoughton Parkway, 02944, Terengganu",nurse
D95670,Nananne Pidgeon,9/1/1979,011-96930114,F,"335 Anthes Parkway, 86460, Kedah",doctor
N54809,Gretta Zarfat,12/8/1987,010-25637626,F,"765 Warbler Point, 59038, Negeri Sembilan",nurse
N99430,Robenia Gianolo,5/31/1960,010-09524990,F,"0968 Cambridge Avenue, 19163, Perlis",nurse
N45158,Richie Waywell,5/23/1969,010-20164622,M,"4706 Loomis Center, 72748, Sabah",nurse
N29778,Rosaleen Underdown,6/11/1956,018-3404033,F,"049 Maple Wood Center, 47608, Selangor",nurse
D85591,Elisa Ryrie,6/25/1946,018-5626718,F,"518 Blackbird Street, 81735, Labuan",doctor
N44065,Drusy Ligerton,7/11/1960,010-56058256,F,"73 American Ash Parkway, 67448, Melaka",nurse
D02287,Darsie Fadell,10/15/1946,010-93833317,M,"8 Arizona Parkway, 84491, Putrajaya",doctor
N71237,Rex Harty,12/27/1935,011-60326296,M,"7107 Sugar Drive, 84647, Terengganu",nurse
N83408,Gerek Verne,6/2/1997,011-80853188,F,"68888 Sullivan Drive, 81739, Putrajaya",nurse
D07141,Niels Trueman,2/22/1953,018-6332717,M,"62878 Anzinger Drive, 10986, Johor",doctor
N03876,Eldredge Heindrich,9/15/1929,010-12841422,M,"59870 Coleman Point, 95167, Kelantan",nurse
D12458,Ammamaria Cullington,3/2/1971,011-94134677,F,"6 Anthes Place, 23614, Terengganu",doctor
N64304,Dunstan Sherrum,2/26/1969,019-5144439,F,"89211 Nevada Junction, 80101, Pahang",nurse
N11608,Freeland Cajkler,1/6/1975,010-71545678,M,"964 Meadow Ridge Place, 03328, Selangor",nurse
D34257,Cal Waliszek,9/8/1942,017-8606939,M,"7844 Rowland Road, 60202, Terengganu",doctor
N02924,Celie Skilling,2/14/1967,011-71527880,M,"99171 Independence Center, 33127, Putrajaya",nurse
N12545,Rosita Beed,10/1/1933,011-73267122,F,"1233 Scofield Hill, 41730, Pahang",nurse
N16585,Yvette Hellard,8/15/1942,011-66595255,M,"95 Elka Avenue, 19704, Perlis",nurse
N76329,Harald Lampbrecht,4/4/1932,011-49717745,M,"7 Rutledge Junction, 16113, Labuan",nurse
N19227,Ermanno Butland,12/12/1926,011-86343510,F,"330 Montana Point, 91820, Putrajaya",nurse
N01755,Fran Dreschler,3/30/1929,018-4953095,M,"27 Barby Hill, 25634, Putrajaya",nurse
N32071,Elyn Antonov,5/13/1929,010-23545196,M,"2 Springs Avenue, 34549, Sabah",nurse
N00444,Rosamond Phelp,4/27/1959,011-43245637,F,"2097 Ronald Regan Lane, 72868, Selangor",nurse
N03727,Lynnell Hatch,6/26/1934,011-70566070,F,"68231 Forest Run Center, 12177, Negeri Sembilan",nurse
N10109,Celesta Yanshonok,8/15/1952,010-47626841,F,"34 Merchant Plaza, 10981, Kedah",nurse
N68130,Astrix Ksandra,4/2/1995,010-41051056,M,"30 Bartillon Junction, 38468, Terengganu",nurse
D46807,Almire Burch,6/25/1958,010-33253746,M,"57 Morrow Junction, 83874, Perak",doctor
N95395,Rockwell Robke,6/18/1996,010-70681959,M,"2125 Cascade Drive, 43916, Selangor",nurse
N55915,Arni Bernat,12/31/1964,011-64759065,F,"32 Hayes Center, 27068, Kelantan",nurse
N15727,Maren Farrin,5/23/1984,019-4677515,M,"95 Londonderry Circle, 70197, Selangor",nurse
N01336,Legra Shakesby,7/6/1979,010-18261725,F,"2 Evergreen Pass, 38072, Perlis",nurse
D71941,Gennie Stanyon,3/19/1972,019-5434281,F,"68965 Hazelcrest Hill, 30576, Kelantan",doctor
D00386,Carlyle Starr,3/13/1952,011-3483903,F,"9 Sycamore Avenue, 08573, Labuan",doctor
N38478,Aldis Gilby,6/3/1902,010-82606087,F,"05340 Hintze Point, 30546, Pahang",nurse
N91333,Edd Larrett,5/5/1911,019-8050859,M,"1783 Oak Junction, 60524, Terengganu",nurse
N11907,Schuyler Rilston,4/12/1975,010-58736040,F,"106 Spaight Plaza, 34543, Kelantan",nurse
N78237,Shelley David,8/3/1927,010-37428054,F,"43 Atwood Parkway, 84604, Perlis",nurse
N29230,Norris Tillot,2/28/1969,016-3322443,F,"0 Dottie Road, 76059, Pahang",nurse
N12050,Liana Duchesne,11/20/1958,019-4885640,M,"822 Briar Crest Road, 10374, Negeri Sembilan",nurse
N27409,Ethelind Mattaus,12/15/1989,010-32015305,M,"75 Cambridge Plaza, 02768, Putrajaya",nurse
N69459,Emmit Ivers,7/30/1982,010-11992146,F,"7 Fuller Alley, 10295, Kuala Lumpur",nurse
N36573,Ann Powderham,9/17/1919,019-7637633,M,"89 Valley Edge Center, 68645, Kuala Lumpur",nurse
N80640,Malva Findlay,10/13/1998,010-33101914,M,"4717 Upham Avenue, 84416, Johor",nurse
N68566,Charlena Ferryman,1/5/1973,010-41868578,M,"62 Gerald Place, 19975, Labuan",nurse
N13088,Frasier Jepperson,6/13/1960,019-3431633,M,"7 Jana Place, 77275, Sabah",nurse
N72157,Garwin Lasham,8/28/1965,010-48102729,F,"473 Bayside Way, 75410, Melaka",nurse
N74679,Gustavo Stormonth,12/15/1951,011-58086120,F,"4 Cody Park, 76136, Perlis",nurse
N69530,Olia Pavlovsky,11/27/1950,019-3706282,F,"8 Luster Hill, 79558, Johor",nurse
N96916,Edmund Hoonahan,9/20/1975,019-6623285,F,"279 Monument Way, 64283, Johor",nurse
D61702,Stefa Garthland,1/3/1903,010-23704139,F,"235 Homewood Lane, 06224, Terengganu",doctor
N48739,Gardy Pugsley,10/17/1955,010-56333305,F,"08336 Eastlawn Plaza, 46260, Labuan",nurse
D93388,Byrann Guisot,2/19/1969,018-3423391,F,"4157 Merchant Terrace, 96120, Kelantan",doctor
D50205,Bliss Bligh,7/14/1936,018-8418485,M,"57730 Sullivan Avenue, 78433, Negeri Sembilan",doctor
N02635,Price Willson,3/2/1941,010-01302206,F,"551 Stone Corner Crossing, 58080, Putrajaya",nurse
N07473,Everett Berkelay,6/26/1904,010-77234457,M,"09 School Drive, 78780, Melaka",nurse
N68889,Mercedes Welfair,12/29/1965,019-4093357,F,"931 Melody Drive, 28252, Kedah",nurse
N81359,Allene Butten,11/6/1948,011-48838660,F,"6 Monterey Parkway, 07919, Melaka",nurse
N33986,Evey Drewry,7/30/1906,018-4153059,F,"855 Arkansas Alley, 86921, Pahang",nurse
N56979,Leoline Linch,8/13/1910,019-2761638,F,"5 Golf Center, 22822, Negeri Sembilan",nurse
N80701,Chan Davidwitz,11/18/1963,010-36596709,F,"86543 Moulton Place, 70610, Negeri Sembilan",nurse
N39782,Dynah Briar,1/10/1922,019-6628936,M,"099 Mosinee Lane, 71578, Penang",nurse
N93379,Mannie Kilmurray,3/19/1962,011-59519556,M,"25 Dakota Point, 08465, Johor",nurse
N05519,Goldi Smeaton,2/21/1948,018-9452377,F,"3079 Commercial Hill, 97974, Putrajaya",nurse
N77350,Anatol Truesdale,9/13/1959,019-4050887,M,"397 Tennyson Court, 05138, Pahang",nurse
N89384,Kristan Attenbrow,7/3/1920,019-4114560,M,"67 Parkside Junction, 07891, Penang",nurse
N23930,Frederigo Milhench,2/21/1936,018-9227871,F,"8336 Cherokee Hill, 37968, Perlis",nurse
N30141,Alejandro Maureen,9/20/1995,011-73276583,F,"2331 Rieder Hill, 87167, Kelantan",nurse
N11362,Shannon Stockall,10/7/1978,010-39201544,F,"0 Russell Drive, 87433, Melaka",nurse
N65722,Reuven Pennini,7/27/1915,019-6757996,M,"8976 Fieldstone Point, 92862, Kuala Lumpur",nurse
D72997,Wit Mearing,9/1/1924,016-1788227,F,"96 Starling Junction, 16607, Melaka",doctor
N55869,Abdel Bullus,9/11/1979,019-4096604,M,"4 Vera Terrace, 19433, Kuala Lumpur",nurse
N30348,Carol Sissland,9/23/1901,010-34249203,M,"26 Scoville Way, 92460, Johor",nurse
N30998,Alvinia Tee,7/30/1912,010-82218934,M,"818 Mockingbird Place, 60307, Perlis",nurse
N57036,Armin Kimbling,5/10/1961,018-8142401,M,"28813 Commercial Road, 31090, Johor",nurse
D78017,Wells MacDirmid,4/14/1999,017-7810369,M,"111 Mifflin Place, 08344, Johor",doctor
N10636,Fowler Newland,8/22/1950,011-61949919,M,"9 Sundown Park, 60755, Kedah",nurse
N65698,Alfie Budd,8/7/1949,012-9821371,M,"29218 Clove Circle, 22471, Negeri Sembilan",nurse
D53050,Auberon Laffin,11/30/1919,010-75202836,F,"79936 Rockefeller Lane, 31580, Negeri Sembilan",doctor
D37083,Judi Flowerdew,8/30/1976,011-39357757,F,"7864 Clyde Gallagher Lane, 43344, Terengganu",doctor
N20826,Hermione Orteu,12/21/1967,018-7982087,M,"2 Ridgeview Lane, 36334, Kuala Lumpur",nurse
N34948,Rahal Britzius,3/17/1994,011-39398146,F,"66 Warbler Street, 97366, Terengganu",nurse
N49383,Dion Dumini,4/11/1904,018-3788191,M,"5532 Kingsford Way, 30331, Perak",nurse
N69772,Jackqueline Sondland,6/22/1973,019-0180298,F,"9240 Lerdahl Trail, 04981, Perlis",nurse
D80699,Anatola Sall,8/25/1902,010-15494786,M,"93949 Eliot Center, 01569, Perak",doctor
N24387,Melloney Crewdson,10/2/1948,017-1769314,F,"2385 Lawn Hill, 68397, Labuan",nurse
D41215,Nevin Deinhard,6/23/1980,011-33535559,F,"86 Hauk Trail, 49475, Perak",doctor
N51273,Cordey Hugo,9/5/1975,011-50602670,F,"34782 Mcbride Crossing, 87414, Kedah",nurse
D04508,Matthaeus Fishly,4/28/1941,011-46513225,M,"3383 Elmside Parkway, 92787, Johor",doctor
D69368,Celina Alliot,4/9/1996,016-9753816,M,"337 Sherman Center, 55966, Pahang",doctor
N74301,Russell Naisbet,10/29/1903,019-1742681,M,"38687 Dixon Way, 10362, Negeri Sembilan",nurse
N66509,Tasha Tivnan,6/22/1978,011-67818926,M,"57774 Stoughton Place, 17037, Perak",nurse
N55176,Myron Qusklay,1/4/1990,011-20372632,F,"63426 Forest Drive, 53287, Perlis",nurse
N51574,Whitney O' Markey,4/28/1914,011-16069167,M,"33553 Garrison Trail, 35300, Perak",nurse
N12751,Brittaney Kettlesing,6/6/1901,011-05922465,M,"69380 Carey Circle, 05134, Kuala Lumpur",nurse
N53019,Laurie Gounod,5/1/1902,016-4067890,F,"8508 Lighthouse Bay Park, 87050, Labuan",nurse
N57016,Teresita Callis,3/21/1995,010-23182893,F,"80 Longview Court, 47774, Perlis",nurse
N37812,Esteban Tuvey,5/2/1945,017-9707015,M,"8598 Tomscot Trail, 38196, Terengganu",nurse
D70210,Guenevere Vaen,9/13/1953,010-43687391,M,"4 Namekagon Junction, 13768, Selangor",doctor
N45869,Jacquelynn Dunkerley,9/11/1934,019-2217376,M,"546 Hayes Place, 95396, Pahang",nurse
N55910,Cal Fedoronko,9/25/1912,011-8471289,M,"54490 Kenwood Street, 57816, Terengganu",nurse
D46210,Bron Lessmare,6/6/1924,010-64555252,M,"9 Daystar Park, 65529, Pahang",doctor
N02419,Agna Petheridge,12/14/1992,011-44996900,F,"662 Stoughton Drive, 36717, Negeri Sembilan",nurse
N23477,Dugald Swains,7/3/1915,019-0237814,F,"7928 Bultman Drive, 05350, Perlis",nurse
N66800,Bette Yurtsev,9/1/1985,011-89102801,M,"5 Linden Drive, 12018, Penang",nurse
N17097,Teddie Fortnum,12/2/1945,018-7587942,F,"3840 Susan Street, 25261, Melaka",nurse
N65740,Rab Rojas,7/29/1941,018-6561563,F,"5 Nancy Hill, 75871, Johor",nurse
N31542,Kirsten Bodega,3/4/1961,019-5649098,F,"29 Aberg Trail, 72146, Sarawak",nurse
D17399,Ariadne Toovey,11/22/1915,010-14150859,F,"2908 Westridge Point, 77389, Sarawak",doctor
N51420,Claiborne Shute,12/13/1990,019-3590095,F,"9 Hovde Alley, 09239, Putrajaya",nurse
N94340,Dosi Cartlidge,8/20/1905,017-7984649,M,"31893 Warrior Court, 90502, Kelantan",nurse
N80076,Arvie Fritschel,6/12/1957,010-06374338,M,"28 Roth Plaza, 66669, Selangor",nurse
N98746,Carilyn Twinborough,11/8/1976,019-3239100,M,"753 Gerald Hill, 04062, Kelantan",nurse
N50413,Trevar Fendt,10/31/1999,010-25990895,M,"8411 Linden Junction, 64570, Pahang",nurse
N61987,Halli Vernham,4/4/1910,010-84477637,F,"296 Rusk Pass, 97673, Selangor",nurse
N32078,Freddy Meineken,11/3/1997,017-1155820,F,"132 Dakota Street, 69989, Melaka",nurse
N98338,Gates Burdus,12/28/1954,011-72095650,F,"070 Bowman Street, 83808, Sarawak",nurse
N70545,Harland Chidlow,8/12/1936,019-2470383,F,"6487 Elmside Center, 86048, Terengganu",nurse
N86218,Octavius Shakshaft,1/6/1913,010-96628931,F,"762 4th Street, 97988, Kelantan",nurse
N69210,Shelba Neno,7/3/1953,011-19928390,M,"0 Bashford Point, 53127, Kelantan",nurse
N87678,Silva Diggar,12/23/1976,018-6169410,F,"5888 Rusk Avenue, 75297, Kuala Lumpur",nurse
D73297,Graehme Bradmore,8/14/1960,010-67782156,M,"526 Hansons Plaza, 64101, Kuala Lumpur",doctor
N27717,Nial Dorken,6/22/1946,018-4330987,M,"31 Green Park, 89628, Perlis",nurse
N09368,Levy McGuinley,3/18/1962,011-04306121,F,"38 Vermont Avenue, 18897, Labuan",nurse
N10611,Heinrick Nicholls,4/17/1953,018-4914118,F,"2 Tomscot Alley, 25440, Sarawak",nurse
D48076,Jonah Gavey,3/29/1986,017-2916464,F,"12 Glacier Hill Lane, 53223, Perak",doctor
N07255,Alanson Higgoe,4/25/1957,010-56813284,F,"68 Stephen Lane, 23220, Kuala Lumpur",nurse
N42376,Von Karmel,6/2/1932,010-44234824,F,"33879 North Street, 43475, Sarawak",nurse
N65146,Nikolaus Lundbeck,6/23/1942,011-73080347,M,"074 Farragut Plaza, 60360, Perak",nurse
N15515,Estel Everett,11/3/1924,013-2240851,F,"500 Fairview Park, 48379, Kuala Lumpur",nurse
N73244,Jessamine Corless,3/10/1972,019-9605696,F,"794 Ohio Alley, 63699, Melaka",nurse
D62925,Ayn Gittings,8/11/1934,011-69060752,M,"86841 Clove Trail, 81688, Putrajaya",doctor
D69121,Bell Jado,2/15/1974,019-6350408,M,"974 American Pass, 24222, Kedah",doctor
N04541,Sunshine Burles,5/31/1967,017-9037613,M,"198 Prairie Rose Avenue, 00615, Kuala Lumpur",nurse
N13591,Alice Darree,3/31/1974,011-73798052,M,"164 Grover Alley, 92805, Putrajaya",nurse
D94792,Francisco Reef,2/7/1938,010-58548107,F,"2041 Ludington Pass, 92691, Putrajaya",doctor
D95984,Gareth Jost,9/10/1975,019-4895483,F,"02 Stone Corner Hill, 23092, Kedah",doctor
N07516,Colver Tolland,1/18/1931,019-8073113,F,"15897 Carey Avenue, 75028, Perlis",nurse
N30350,Rosalinda Duckett,5/24/1933,011-88112634,F,"98 Talisman Crossing, 14860, Kuala Lumpur",nurse
N75310,Stace Fane,3/29/1915,019-3081947,F,"22 Bashford Terrace, 68139, Pahang",nurse
N91090,Kathi Glasbey,5/9/1989,018-6062451,F,"2 Dennis Terrace, 57005, Labuan",nurse
N38282,Bathsheba Parnaby,9/20/1921,019-7471231,F,"9925 Nancy Plaza, 76818, Labuan",nurse
N85993,Franciska Kahen,12/14/1966,019-2146720,F,"64229 Golf Street, 02560, Sabah",nurse
N04772,Con Bowen,1/28/1958,011-78564767,F,"4 Delaware Lane, 88673, Kedah",nurse
N45275,Winifred Gasquoine,4/19/1955,016-4049439,M,"5 Tennyson Street, 32983, Pahang",nurse
N11862,Ailyn Pretty,8/11/1905,010-25227746,M,"5831 Bartillon Road, 13078, Johor",nurse
D97680,Dewitt Iorio,9/6/1927,010-73927596,F,"7674 Pine View Way, 73120, Perak",doctor
N95133,Ernst Purton,3/31/1973,019-4905013,M,"479 Mallory Center, 63056, Sarawak",nurse
D39741,Bernelle Yakobowitz,2/12/1925,017-9786736,M,"17925 Thackeray Street, 69182, Melaka",doctor
N47206,Garek Woodage,3/9/1903,019-2954684,F,"31 Glacier Hill Trail, 51970, Sabah",nurse
N20214,Clark Fleckney,3/26/1993,011-54652499,F,"8964 Trailsway Junction, 43824, Sabah",nurse
N81007,Vivie Beldum,10/21/1940,010-53668204,F,"33 New Castle Road, 95816, Perak",nurse
D44938,Don Wands,11/20/1904,019-0145261,F,"9 Duke Street, 15636, Pahang",doctor
N17360,Novelia Cowans,7/24/1931,019-2476646,F,"78 Quincy Plaza, 33169, Penang",nurse
N31454,Rheba Strewther,8/17/1943,010-22359495,M,"7273 Burrows Center, 99956, Johor",nurse
N84827,Chryste Scallan,6/7/1913,019-4268534,M,"167 Sloan Drive, 71546, Perlis",nurse
N85046,Fredrika Von Der Empten,4/13/1972,010-96002320,F,"5078 Steensland Lane, 70219, Selangor",nurse
N68124,Obed Lequeux,1/25/1921,018-7284801,M,"48 Badeau Avenue, 35447, Johor",nurse
N87660,Alvy Sheryn,1/29/2000,010-62526468,F,"936 Moland Drive, 98383, Selangor",nurse
D63945,Trey Presdie,7/22/1987,019-0328068,M,"148 Bonner Road, 76672, Selangor",doctor
D60909,Pansy Latan,11/22/1987,011-48070601,F,"250 Hollow Ridge Place, 34503, Sarawak",doctor
N13146,Kory Kleinsmuntz,2/11/2000,019-3137520,M,"503 Springview Junction, 04239, Labuan",nurse
D30356,Herold Ianetti,12/14/1965,018-5184130,M,"17 Buhler Park, 57689, Pahang",doctor
N91398,Owen Cuttelar,8/16/1958,019-6767352,F,"41015 Lakewood Gardens Circle, 98129, Kedah",nurse
N67828,Curtis Sabbins,7/29/1912,017-6907137,M,"71150 Fallview Lane, 52751, Pahang",nurse
N38700,Ky Goodfellow,7/27/1956,019-2300380,F,"09033 Brickson Park Avenue, 26694, Selangor",nurse
N73382,Alain Philbrook,2/24/1928,010-97687542,M,"16 Esker Street, 61186, Perak",nurse
D15727,Elli Reynalds,10/3/1925,011-79044566,F,"14 Veith Lane, 99654, Selangor",doctor
N12111,Shirl Jannings,6/1/1923,019-8065515,F,"5834 Tennyson Plaza, 78332, Labuan",nurse
N17782,Bibbie Geddis,11/29/1925,011-86669129,F,"4334 Manley Plaza, 29474, Pahang",nurse
N61293,Saunderson Cressingham,2/19/1917,010-31090623,F,"314 Pleasure Crossing, 13651, Negeri Sembilan",nurse
D28164,Tiffi Puckring,3/1/1976,017-4773829,M,"69639 Golf Course Junction, 14597, Penang",doctor
N79055,Jacquie Messer,11/22/1955,011-38033792,M,"6921 Thompson Junction, 04945, Pahang",nurse
N80247,Yoshiko ducarme,9/22/1951,011-49458980,F,"451 Alpine Plaza, 84627, Perlis",nurse
N76562,Virgina Reeken,6/23/1930,016-7914627,F,"17872 Colorado Pass, 46665, Melaka",nurse
D44458,Albina Cartwight,10/6/1999,011-84098705,F,"471 Claremont Parkway, 87411, Kuala Lumpur",doctor
N97305,Melany Ould,7/4/1968,018-7645296,F,"03 Fisk Drive, 22676, Negeri Sembilan",nurse
D92061,Marven Reimers,3/16/1902,010-88554531,F,"0093 John Wall Point, 28562, Kelantan",doctor
D96649,Dahlia Haward,8/2/1941,019-5489672,M,"866 Laurel Trail, 12759, Terengganu",doctor
N05739,Hoebart Pettett,2/27/1981,019-1638260,F,"85 Westridge Court, 86563, Melaka",nurse
N15732,Jeramie Janek,2/13/1988,019-7890003,F,"0 Randy Alley, 65544, Perak",nurse
N62933,Maribel Herkess,12/26/1942,018-5167376,F,"6793 Riverside Junction, 20624, Negeri Sembilan",nurse
N07365,Mirna Anyene,8/12/1946,019-8325521,M,"31817 Morning Center, 77537, Melaka",nurse
N12581,Savina Teek,4/11/1976,011-97445305,F,"17 Lakewood Avenue, 92030, Perak",nurse
N25982,Stevy Giacaponi,6/28/1930,011-66934474,F,"5136 Manufacturers Park, 30977, Putrajaya",nurse
D08837,Raynor Woolvett,7/29/1923,019-0564406,M,"99573 Transport Circle, 94443, Negeri Sembilan",doctor
N12866,Natty Gowenlock,5/6/1950,019-8573869,M,"30159 Arrowood Pass, 01795, Negeri Sembilan",nurse
N34545,Caresse Keat,1/12/1958,019-1600798,F,"0391 Browning Street, 79535, Labuan",nurse
D14503,Maxi Mathis,6/8/1926,011-45792410,M,"1273 Acker Street, 20468, Perak",doctor
N03873,Coreen Gaukrodge,11/30/1908,016-9844583,F,"96 Westerfield Junction, 97100, Kedah",nurse
N15684,Toinette Kenworthey,8/28/1900,012-5267177,M,"10 Duke Circle, 58068, Kuala Lumpur",nurse
N72232,Leontyne MacRanald,3/29/1927,010-52311840,M,"29 Corben Junction, 08556, Terengganu",nurse
D53518,Ame Neggrini,1/6/1921,019-0879488,M,"5 Eliot Lane, 85932, Penang",doctor
D65840,Rick Tire,11/1/1916,017-5990280,M,"64 Warner Circle, 96298, Negeri Sembilan",doctor
N23381,Tony De Vaux,2/22/1932,019-2447679,F,"126 Schlimgen Crossing, 95084, Putrajaya",nurse
N39969,Stacee Belamy,5/13/1929,010-86688497,F,"268 Esker Drive, 26138, Selangor",nurse
N32739,Marven Peek,8/12/1953,018-6165761,M,"497 Nobel Drive, 97341, Sabah",nurse
D04870,Yelena Thomesson,2/3/1917,019-3923879,F,"7808 Eagle Crest Center, 40846, Selangor",doctor
N38718,Alic Manley,6/25/1945,017-4293095,F,"47105 Susan Road, 74198, Perlis",nurse
D61865,Ninette Melchior,7/15/1985,019-7266366,F,"22145 Algoma Crossing, 46642, Negeri Sembilan",doctor
N62275,Colver Sloper,1/13/1969,011-62754645,F,"95 Macpherson Junction, 25428, Pahang",nurse
N63498,Augie Trowl,10/30/1979,011-74696092,F,"43 Kensington Center, 38404, Kedah",nurse
N43302,Kirby Baurerich,2/14/1960,019-7244331,F,"2541 Meadow Ridge Avenue, 60281, Kedah",nurse
N07202,Zabrina Buckthorp,6/10/1929,011-82231605,M,"5 Delaware Drive, 40484, Johor",nurse
N02829,Otho Prangnell,11/18/1975,010-27031824,F,"6242 Del Sol Avenue, 03976, Perak",nurse
N02122,Gran Bransden,9/23/1949,019-1445814,M,"403 Nelson Crossing, 71489, Kelantan",nurse
D06083,Iain Harwell,3/29/1954,019-2067901,M,"6 Heffernan Parkway, 44051, Selangor",doctor
N30753,Katya Denford,3/17/1942,010-05795553,F,"69923 Washington Court, 65311, Sarawak",nurse
D90241,Dinah Rosenzwig,11/6/1994,019-3368300,F,"7 Daystar Drive, 37758, Johor",doctor
D81185,Jeddy Copcutt,8/30/1909,018-8615293,F,"5785 Ridge Oak Road, 28375, Kuala Lumpur",doctor
N70236,Ginger Braganza,9/18/1926,019-7830218,F,"27232 Twin Pines Place, 41406, Penang",nurse
N93054,Cacilie Weal,2/28/1918,018-5486712,M,"5639 Sommers Hill, 33195, Johor",nurse
D87551,Georgiana Gatchel,7/12/1945,011-42569044,M,"62 Arkansas Point, 23988, Selangor",doctor
N67106,Cherilyn Goldberg,8/11/1979,011-19617650,F,"17899 Merrick Lane, 68807, Perak",nurse
N61070,Bill Blaker,11/17/1987,018-1322757,M,"9 Prairie Rose Road, 55996, Perlis",nurse
N38525,Stanley Maps,9/30/1983,019-6574747,F,"7 Homewood Hill, 49741, Johor",nurse
N03900,Myrta Ort,12/9/1997,017-7151595,F,"86 Morning Pass, 35100, Kuala Lumpur",nurse
N67073,Cathyleen Hurndall,3/11/1928,018-7020492,M,"08 Fremont Parkway, 92676, Kelantan",nurse
N00945,Noll Hanbidge,12/20/1964,011-83029947,F,"0 Mayer Parkway, 78757, Perlis",nurse
N63805,Christin Puddin,5/15/1984,017-8979379,F,"1 Scoville Plaza, 55381, Putrajaya",nurse
N22125,Fidelity Heeks,5/11/1933,010-17948053,F,"57921 Iowa Trail, 51647, Negeri Sembilan",nurse
N21652,Danyette Darben,10/12/1976,010-32419485,M,"719 Annamark Junction, 33806, Selangor",nurse
N49420,Sibeal Dugall,10/7/1920,010-97544263,F,"7610 Forster Lane, 12091, Perlis",nurse
N62768,Arielle Baskwell,3/22/1943,011-54618206,F,"76541 Ohio Avenue, 46603, Sarawak",nurse
N19777,Gray Frane,6/19/1923,011-93526859,M,"2327 Cody Court, 53779, Kedah",nurse
N82199,Oralee McDugal,11/29/1980,019-4327659,M,"0 Johnson Terrace, 38096, Negeri Sembilan",nurse
D05309,Clair Haverty,12/21/1954,014-7112515,F,"5373 Mifflin Court, 37730, Johor",doctor
N25382,Guthrey McMylor,5/18/1933,019-3371844,F,"9281 Surrey Drive, 83851, Perak",nurse
D12704,Ches Shipp,3/30/1908,018-3947899,F,"0 Summit Circle, 96673, Perak",doctor
N27262,Irvine Robic,5/13/1926,019-6135025,M,"1 Weeping Birch Way, 85701, Putrajaya",nurse
N61282,Willard Flear,9/13/1978,019-5173378,M,"21722 International Lane, 03080, Labuan",nurse
N60427,Rochette Instone,5/29/1909,011-96446818,M,"47 Donald Road, 06460, Perlis",nurse
N04593,Nora Hrishchenko,3/3/1990,017-1297071,F,"6 Luster Road, 36541, Pahang",nurse
D68515,Allsun Blest,8/31/1909,016-6555744,F,"369 Mesta Drive, 39997, Selangor",doctor
N24486,Vincents Kunzel,3/7/1903,010-83491879,F,"2714 Debs Lane, 21568, Negeri Sembilan",nurse
N48269,Willa Calvie,9/23/1958,016-4190244,M,"55 Blue Bill Park Parkway, 97212, Terengganu",nurse
N84798,Laurel Emptage,1/13/1941,017-3328861,M,"0745 Springview Place, 78796, Kelantan",nurse
N80877,Darleen Barnby,9/12/1919,019-1572141,M,"0 Delladonna Lane, 84084, Johor",nurse
D69058,Langsdon Milstead,7/15/1941,019-2161358,F,"76 Rieder Street, 09892, Sarawak",doctor
N57127,Bernete Mallaby,1/2/1955,019-3704228,F,"58572 Grayhawk Drive, 99401, Melaka",nurse
N55236,Eda Knuckles,1/20/1932,010-96092019,F,"67350 Jenna Junction, 61177, Sarawak",nurse
N33489,Vittorio Scottesmoor,3/29/1959,010-49924742,F,"68253 Summer Ridge Hill, 09860, Kuala Lumpur",nurse
N66044,Darryl Fortesquieu,10/20/1974,011-63334941,F,"09 Sachtjen Circle, 25028, Melaka",nurse
N56065,Aile Klouz,9/16/1931,010-67074242,F,"75 Blue Bill Park Pass, 02184, Johor",nurse
D11963,Roberto Goodrum,2/7/1934,011-68131735,F,"29 Eliot Road, 37836, Johor",doctor
N17220,Gerick Waterhous,12/24/1944,011-46670694,M,"29188 Derek Hill, 62293, Putrajaya",nurse
D49205,Durante Rudwell,4/15/1922,011-62466491,F,"86894 Logan Court, 29773, Kuala Lumpur",doctor
N59808,Stephanie Depka,5/11/1994,011-11413868,M,"8886 Bayside Circle, 84097, Negeri Sembilan",nurse
D67442,Nicholas Blewis,1/28/1950,011-34109178,F,"28884 Bartelt Way, 52329, Negeri Sembilan",doctor
N20677,Charlean Gajewski,10/7/1905,011-64316320,F,"79788 Dayton Crossing, 09262, Negeri Sembilan",nurse
N13842,Marlin Gudahy,6/7/1937,010-22013590,F,"5 Bay Drive, 16314, Labuan",nurse
N24334,Briney Tombling,7/9/1940,011-03262432,M,"7130 Northland Terrace, 86603, Kelantan",nurse
N00866,Patti Kilmister,8/5/1964,010-87363727,F,"829 Mayer Parkway, 55261, Penang",nurse
N71646,Katie Thowless,6/19/1961,011-80677621,M,"1 Autumn Leaf Road, 51624, Penang",nurse
D11959,Nigel Elden,6/21/1994,018-7197792,M,"051 Lakeland Court, 48290, Kedah",doctor
N52095,Florie Giraldon,5/6/1919,011-45790191,M,"15317 Old Gate Hill, 73399, Putrajaya",nurse
N59072,Tony Worts,10/14/1945,017-3220875,F,"8 Mifflin Trail, 83199, Terengganu",nurse
D97162,Winny Pitcock,7/25/1997,019-6963891,F,"65545 Mitchell Lane, 46140, Kuala Lumpur",doctor
D90350,Charil Antuk,12/23/1972,019-6469095,F,"6696 Beilfuss Place, 21103, Perak",doctor
N89308,Larry Shurman,2/10/1989,019-5065966,F,"91 3rd Road, 87287, Kelantan",nurse
D61938,Grover Berth,3/7/1974,010-69877870,F,"97 Bunker Hill Way, 50376, Penang",doctor
N54207,Rey Fearnley,11/12/1967,013-3387614,F,"73635 Bunker Hill Hill, 55416, Negeri Sembilan",nurse
N25758,Heinrik Witcombe,2/24/1910,011-01834356,F,"5 Dunning Place, 95881, Labuan",nurse
D40740,Shane Regitz,4/12/1945,019-2307877,M,"8 Mcbride Terrace, 03215, Johor",doctor
N43912,Elfreda Steger,3/1/1911,016-3814478,M,"31158 Bobwhite Hill, 05037, Perak",nurse
N67433,Tobye Burdfield,6/10/1942,011-37443924,F,"1 Heffernan Junction, 05596, Penang",nurse
D17769,Harriott Wooff,5/15/1978,011-94193869,F,"1 Roxbury Court, 62512, Selangor",doctor
N86950,Ellette Wayvill,6/29/1904,018-6221210,F,"2 Bunker Hill Plaza, 95546, Kelantan",nurse
N40953,Leonerd Rabbitt,11/15/1973,019-7770659,M,"4 Blackbird Alley, 14573, Negeri Sembilan",nurse
N15131,Koenraad Ellinor,9/4/1964,019-8683338,M,"222 Fremont Drive, 26711, Perlis",nurse
N14465,Mischa Rein,1/2/1984,011-52293854,F,"182 Kim Trail, 18960, Penang",nurse
N65079,Boris Lasseter,11/29/1979,011-71529369,F,"10 Northland Alley, 23830, Terengganu",nurse
N29764,Sophronia Rubenovic,4/20/1922,011-68535422,F,"11743 Thierer Avenue, 54553, Pahang",nurse
N02631,Toma Sphinxe,8/10/1919,018-0634046,F,"001 Melrose Drive, 99860, Sarawak",nurse
N14052,Langston Minchindon,8/2/1923,018-7556522,M,"60399 Morrow Road, 61681, Sabah",nurse
N23925,Crissie Corain,8/9/1951,019-9989040,F,"56 Huxley Parkway, 65518, Sarawak",nurse
D19622,Chantalle Manchett,8/23/1926,018-7971178,F,"2 Del Mar Parkway, 09704, Perlis",doctor
D11156,Aridatha Methingam,3/7/1966,019-8677794,M,"8 Warner Court, 85009, Sarawak",doctor
N29481,Kettie Lanbertoni,2/4/1914,011-85119853,F,"538 Blue Bill Park Place, 16967, Johor",nurse
D69086,Jason Kissock,7/12/1913,011-07525855,F,"9183 Pearson Street, 10840, Pahang",doctor
N69149,Farrell Crawshaw,1/16/1917,018-0088671,M,"8951 Northridge Place, 83144, Johor",nurse
D98840,Angel Ellingsworth,8/8/1975,018-3496270,F,"77546 Paget Parkway, 34357, Pahang",doctor
N91174,Noak Lindenboim,2/2/1954,011-49866210,M,"006 Schlimgen Way, 27479, Kuala Lumpur",nurse
N85276,Reamonn Lamps,2/15/1999,017-4994436,M,"7 Hooker Trail, 73123, Sabah",nurse
N79985,Belle Bahia,10/2/1994,010-27646059,M,"044 Armistice Street, 76246, Perlis",nurse
N67018,Cecilla MacGillavery,11/13/1948,011-35906943,F,"1834 Scott Avenue, 01034, Kedah",nurse
N49279,Xena Benedicto,8/9/1917,011-27706142,F,"4 Lakewood Crossing, 81799, Kelantan",nurse
D46101,Joya Radleigh,7/18/1953,019-8765350,F,"35811 Pine View Road, 84933, Sarawak",doctor
N23592,Sheba Laphorn,10/6/1917,016-6463201,F,"2 Becker Hill, 13842, Labuan",nurse
D97393,Wash Mussettini,7/8/1987,011-43514232,F,"30325 Memorial Terrace, 66264, Perak",doctor
N64457,Sayre Grimwood,2/7/1901,011-00305632,M,"91062 Mitchell Alley, 05984, Melaka",nurse
N05707,Boycie O'Currine,3/14/1917,011-79719469,F,"9483 Oxford Park, 78573, Penang",nurse
N14116,Ree Surridge,4/19/1945,010-38878283,F,"644 Leroy Hill, 41351, Johor",nurse
N86354,Ethel Langton,4/25/1978,019-7014971,F,"5 Troy Alley, 31785, Kelantan",nurse
N84256,Millisent Kissack,10/1/1996,014-1137406,F,"36 Glendale Road, 46148, Selangor",nurse
D10981,Isis McMenemy,1/29/1945,018-1231954,F,"92106 Arapahoe Alley, 41175, Perlis",doctor
N45547,Bella Pittham,8/25/1968,010-71307765,F,"7 Dayton Terrace, 97452, Selangor",nurse
D58029,Scarlett Cutcliffe,3/9/1944,011-49024484,M,"8 Springs Court, 94503, Johor",doctor
D52204,Terrence Tabary,11/16/1950,010-88541864,F,"47 Florence Court, 10639, Perak",doctor
N28735,Tiff Di Biaggi,3/7/1961,019-0056551,M,"2 Arizona Road, 71066, Pahang",nurse
N48881,Ivar Worcester,4/17/1979,019-3014223,F,"970 Vidon Lane, 51741, Negeri Sembilan",nurse
D79006,Marylynne O'Donohue,11/2/1926,018-1586055,M,"79261 Ramsey Road, 28829, Labuan",doctor
N16584,Shauna Schrei,8/11/1918,011-30328773,F,"290 Maple Wood Road, 49717, Labuan",nurse
N40789,Kellie Beaney,6/8/1930,010-54324554,M,"9407 5th Street, 21412, Kedah",nurse
N93015,Jacobo Caslake,2/13/1958,018-9720399,M,"92125 Stuart Trail, 52117, Sarawak",nurse
N57656,Rozella Rudland,7/4/1952,018-3329759,F,"187 Glendale Center, 00540, Kelantan",nurse
N92763,Josy Westall,8/24/1999,019-1317194,M,"81 Sage Crossing, 68258, Sabah",nurse
N45015,Alisa Mainz,6/26/1994,011-83548069,M,"5 Messerschmidt Pass, 49141, Negeri Sembilan",nurse
N05854,Cammy Hadleigh,2/4/1993,018-7361563,F,"2 Utah Pass, 71082, Negeri Sembilan",nurse
N69683,Nady Cesco,11/10/1901,010-25715859,F,"7 Sullivan Drive, 96176, Negeri Sembilan",nurse
N54365,Redford Hassewell,6/22/1988,011-18070338,F,"5 Loomis Junction, 07722, Kuala Lumpur",nurse
N08054,Aime Keets,5/6/1915,010-55604177,M,"1 Chive Trail, 15461, Sabah",nurse
N52500,Edmon Johansen,9/12/1977,011-89253181,F,"476 Bultman Trail, 91269, Johor",nurse
N92752,Tate Spikeings,7/16/1996,017-7190066,F,"181 Mcbride Pass, 70826, Terengganu",nurse
D09349,Eran Wickersley,1/26/1918,011-89145476,M,"5 Schiller Plaza, 90419, Perak",doctor
N83295,Vite Pristnor,2/25/1999,011-76683594,M,"20 Marquette Lane, 97751, Kedah",nurse
D20668,Cedric Tavener,11/6/1903,019-3010615,F,"888 Maryland Center, 52398, Melaka",doctor
N59148,Gwenette Paulsen,11/28/1910,010-79047363,F,"8 7th Circle, 09472, Putrajaya",nurse
N59609,Sylvia Cowthart,2/14/1923,011-96483457,M,"63762 Nancy Street, 54717, Putrajaya",nurse
N59342,Hilliary Temblett,3/27/1957,010-79788999,M,"31734 Grayhawk Street, 38574, Labuan",nurse
N17559,Sheffy Ticic,4/15/1934,010-41722835,F,"4 Warbler Avenue, 85774, Selangor",nurse
N85210,Gerladina McGiven,6/8/1925,017-7785464,F,"3218 3rd Plaza, 91848, Penang",nurse
N77499,Major Woodwing,4/24/1990,011-22213120,F,"2198 Autumn Leaf Place, 47729, Johor",nurse
D08919,Mordecai Bramford,12/5/1904,011-87585550,M,"2919 Monica Pass, 01657, Selangor",doctor
N26547,Melodee McOwen,12/24/1919,010-00605253,F,"215 Graceland Pass, 52015, Labuan",nurse
D48406,Giorgia Lammenga,4/25/1997,010-59426971,F,"95 Hagan Place, 15177, Melaka",doctor
N98756,Art Hache,8/9/1938,019-3408904,F,"057 Claremont Center, 24036, Terengganu",nurse
N99029,Grant Quinevan,11/6/1996,019-3991654,F,"411 Bellgrove Park, 99253, Perlis",nurse
D20215,Dollie Setterington,11/18/1941,019-2380708,F,"09389 Pennsylvania Street, 57191, Putrajaya",doctor
D68851,Kylie Wethey,12/6/1907,019-8496111,F,"9 West Court, 61746, Selangor",doctor
N50602,Philippine McGinney,5/9/1919,018-0138001,F,"979 Jay Pass, 29028, Melaka",nurse
N75071,Dorise Gossling,2/29/1984,018-0705995,M,"6 Marquette Parkway, 25131, Sabah",nurse
N24316,Julius Hugli,10/31/1998,017-7365654,M,"3402 Pond Park, 46481, Selangor",nurse
N01231,Husain Klais,12/19/1997,019-0714792,F,"902 Sutherland Lane, 63500, Sarawak",nurse
N20373,Charmain Dodshun,8/27/1907,011-98975173,M,"7130 Gina Hill, 34526, Melaka",nurse
D46633,Basilius Grint,4/10/1965,011-35289338,M,"8 Burrows Point, 90572, Kelantan",doctor
N72350,Zelda Walster,1/8/1919,010-39656262,F,"7372 Jay Way, 87697, Perlis",nurse
N98078,Thornie Belly,11/15/1935,011-10143381,F,"59374 Fulton Plaza, 71585, Kuala Lumpur",nurse
D96120,Winona Hawick,1/13/1970,011-23484624,F,"215 Mcguire Circle, 62537, Putrajaya",doctor
N97529,Arabella Ferrari,12/10/1965,011-28824011,F,"73 Porter Junction, 22913, Penang",nurse
N87451,Juieta Edmonds,8/20/1984,011-18440423,M,"3 Granby Street, 19769, Melaka",nurse
N58884,Dougie Tourmell,10/9/1951,019-4057202,F,"6 Larry Crossing, 53725, Kedah",nurse
D03601,Lyndell Mutimer,12/11/1963,019-6595840,F,"672 Caliangt Way, 33946, Johor",doctor
N74055,Chrissie Garz,10/28/1922,019-3179242,F,"6611 Beilfuss Crossing, 44837, Perak",nurse
N52136,Susanetta Bunclark,10/20/1939,019-1708149,F,"6 Bay Park, 14144, Kuala Lumpur",nurse
N85709,Norina Gilstoun,10/5/1974,017-9817635,M,"74662 Montana Lane, 23374, Sarawak",nurse
D09013,Ruttger Reinisch,6/13/1951,011-49233764,M,"6081 David Hill, 09636, Putrajaya",doctor
N48274,Kalle Andriessen,9/17/1959,018-8707030,M,"1 Loftsgordon Circle, 38569, Selangor",nurse
D45449,Rici Ruberti,10/2/1931,013-1616284,F,"099 Atwood Circle, 76993, Kelantan",doctor
N64411,Tiffani Barstowk,4/28/1998,011-22283365,M,"9558 Corscot Avenue, 37596, Labuan",nurse
N93900,Angela Loram,12/30/1939,017-4328416,M,"18 Tennyson Park, 53907, Penang",nurse
D40029,Deeyn Tuiller,1/1/1938,017-9662637,F,"7 Maywood Plaza, 20464, Terengganu",doctor
N60488,Nat Umfrey,12/18/1970,010-30627848,F,"1813 Maywood Street, 60296, Negeri Sembilan",nurse
N16592,Howard Lyndon,12/25/1950,018-6769711,M,"0 School Point, 93144, Selangor",nurse
N33507,Branden Amey,10/26/1936,018-3792970,F,"993 Derek Place, 26684, Negeri Sembilan",nurse
D61184,Arlee Di Biagio,11/28/1901,011-87242410,M,"18 Surrey Crossing, 47682, Selangor",doctor
D73436,Teressa Ringer,8/25/1972,011-53686047,F,"90 Mallory Park, 35384, Sabah",doctor
D16184,Sheri Giroldo,8/15/1994,018-6413321,M,"03 Dorton Drive, 40560, Terengganu",doctor
N90626,Constancy Godfrey,4/30/1919,010-50435799,F,"87451 Village Green Street, 59111, Kelantan",nurse
N23579,Kalie Beuscher,3/19/1921,018-8228631,M,"0 Menomonie Place, 93555, Selangor",nurse
N75115,Trescha Rojas,12/3/1990,010-52297429,M,"687 Mesta Place, 24335, Pahang",nurse
D66536,Antonin Burghill,6/29/1997,011-12404364,F,"9315 Erie Avenue, 73004, Negeri Sembilan",doctor
N58672,Ramona Pien,11/21/1922,018-8862578,F,"2668 Arizona Avenue, 27099, Kelantan",nurse
D16884,Cathrine Pickover,1/26/1954,019-2769441,M,"05381 Green Parkway, 27333, Melaka",doctor
N61352,Cos Pickston,11/10/1985,011-58832072,M,"3644 Rieder Way, 07854, Selangor",nurse
N02228,Carlina Rowly,2/1/1994,011-16372888,M,"2812 Onsgard Avenue, 46565, Melaka",nurse
N06434,Maressa Rafter,8/27/1941,016-7601262,M,"3 Northwestern Road, 04918, Selangor",nurse
D50859,Basilius Fusedale,6/1/1916,011-15919663,F,"2 Lawn Road, 82549, Johor",doctor
N69360,Britney Dengel,8/30/1937,019-7881716,F,"93402 Glendale Parkway, 36204, Putrajaya",nurse
N75175,Marrissa Renfield,3/11/1999,019-1346402,F,"838 Roxbury Alley, 56790, Pahang",nurse
N28079,Brendis Cowperthwaite,5/1/1963,017-4955350,F,"09347 Lillian Crossing, 50791, Negeri Sembilan",nurse
N87253,Elenore Mendenhall,5/17/1968,018-4124745,M,"790 Badeau Lane, 85297, Kedah",nurse
N41911,Emyle Schirok,5/24/1965,016-4843500,M,"7 Autumn Leaf Alley, 96571, Melaka",nurse
N08545,Luci Grotty,12/17/1982,019-7092351,M,"4 Buhler Parkway, 12627, Melaka",nurse
N95917,Tildi Mix,6/9/1911,018-7213926,M,"89136 Havey Way, 50048, Kedah",nurse
D88906,Corrina Bidwell,8/7/1936,010-27323881,M,"46 Marcy Street, 22109, Putrajaya",doctor
D14362,Felita Goghin,12/12/1983,019-1257694,F,"309 Mccormick Road, 26332, Sarawak",doctor
N36915,Elna Dugmore,2/18/1959,010-01018055,F,"08 Dennis Point, 07747, Johor",nurse
N99609,Joanne Bonicelli,8/8/1939,017-6749094,F,"4 Ruskin Place, 49537, Perlis",nurse
D83855,Anissa Boylund,1/5/1958,010-85922211,F,"16000 Kinsman Hill, 97510, Perak",doctor
N41043,Reagan Landor,2/19/1996,011-77227225,F,"788 Luster Trail, 98651, Perak",nurse
N01682,Moreen Knuckles,2/25/1994,010-23543811,M,"9 Brown Circle, 93899, Melaka",nurse
N92085,Anitra Treacher,7/30/1962,010-47469373,F,"92859 Carpenter Lane, 21967, Perlis",nurse
N61784,Cathie Vaggs,7/29/1906,019-1977351,M,"66 Kim Court, 92944, Sabah",nurse
N61754,Shanan Elwell,1/11/1947,017-0839174,F,"95 Valley Edge Trail, 04093, Kuala Lumpur",nurse
N95368,Tabitha Sarsfield,3/13/1925,011-49576331,F,"71966 Cardinal Court, 00481, Kedah",nurse
N38488,Dyane Pero,6/11/1909,011-14201234,M,"955 Schiller Pass, 10235, Penang",nurse
N92295,Ellswerth Gerriessen,9/9/1954,011-39489485,F,"2 Blackbird Crossing, 75285, Negeri Sembilan",nurse
N47188,Glenn Youens,1/31/1936,019-4255289,M,"66 Maple Wood Trail, 82112, Selangor",nurse
N06409,Rayner Matignon,2/26/1981,011-40613896,F,"178 Chive Drive, 70215, Sabah",nurse
N09769,Una Leefe,1/21/1971,011-80786516,M,"0964 Kensington Circle, 03706, Selangor",nurse
N86318,Norina O'Gaven,8/2/1938,019-9027561,F,"9997 Dwight Terrace, 68809, Kedah",nurse
N54124,Zenia Ackenhead,8/16/1999,019-0822098,F,"84 Holmberg Avenue, 06854, Penang",nurse
D79958,Blondelle Yong,11/1/1908,019-4490828,M,"10585 Spenser Terrace, 88558, Perak",doctor
N93341,Nappy Tatnell,2/4/1945,011-81807531,M,"5 Dennis Street, 68963, Kuala Lumpur",nurse
N96739,Milt Raund,10/27/1954,019-9341374,F,"807 Ramsey Center, 80479, Pahang",nurse
N43463,Lambert Seifert,3/21/1904,019-2048449,M,"92 Kings Street, 23193, Sabah",nurse
N58996,Tansy Bentsen,3/30/1902,013-9511978,F,"74 Briar Crest Pass, 16615, Perak",nurse
N64705,Charlot Walenta,5/3/1986,010-30350689,F,"82893 Park Meadow Plaza, 76509, Pahang",nurse
D57244,Raymund Sponder,6/1/1961,010-71119308,M,"3616 Grover Way, 75995, Pahang",doctor
N83323,Beverlie Gammell,10/30/1945,018-2758038,M,"477 Prairieview Circle, 44766, Perak",nurse
N04882,Willow Burnet,8/15/1962,019-7704184,M,"7 Waywood Center, 63885, Negeri Sembilan",nurse
D95361,Elysha Habershon,3/6/1914,011-46264362,F,"5153 Onsgard Center, 09185, Pahang",doctor
D75011,Terese Morando,7/6/2000,010-70366406,M,"70790 Carey Point, 05940, Selangor",doctor
N63149,Lolly Copping,4/19/1933,010-06286114,M,"310 Montana Drive, 50977, Perak",nurse
N76704,Juan Di Biasio,11/8/1915,019-2467157,F,"185 Pennsylvania Hill, 69476, Perlis",nurse
D04675,Pate Ingledew,10/10/1996,011-64419248,F,"7906 Fremont Point, 66371, Pahang",doctor
D40600,Archibold Trowel,6/29/1977,019-8061809,M,"562 Straubel Trail, 66100, Melaka",doctor
N87783,Vin Brockie,11/14/1928,018-7311481,M,"5 Red Cloud Pass, 21297, Perlis",nurse
N05283,Horatia McAloren,4/6/1911,017-2368958,M,"155 Fairview Park, 65311, Pahang",nurse
N26020,Torrence Popplewell,10/24/1910,018-9463291,F,"4009 Linden Terrace, 90222, Putrajaya",nurse
D02843,Madelena Harbach,2/20/1994,017-0949784,F,"30 Upham Pass, 93204, Perlis",doctor
D21857,Ingram Blodget,9/15/1904,019-7579814,M,"95032 Hintze Pass, 74882, Kedah",doctor
D91990,Patten Bartoszinski,4/1/1943,010-20374743,M,"6845 Mesta Avenue, 61449, Perak",doctor
D69366,Caitlin Halleybone,12/30/1987,010-93045425,F,"25758 American Ash Parkway, 61918, Perlis",doctor
N42101,Averil Matschke,9/7/1948,018-8464706,M,"604 Porter Alley, 19873, Kedah",nurse
N38818,Aarika Waddington,7/8/1956,017-6347364,M,"48 Muir Parkway, 55859, Penang",nurse
N89782,Joanie Calbreath,6/3/1919,018-1075660,M,"939 Arkansas Parkway, 46333, Penang",nurse
N19801,Elton Ainslie,7/31/1959,019-4941647,F,"47 Melody Place, 70226, Melaka",nurse
D24301,Artemus Boothroyd,2/17/1980,017-9430037,M,"45 Grover Park, 79434, Penang",doctor
N49888,Orelle Adamiec,6/2/1997,017-6111841,M,"08 Carpenter Trail, 51191, Sabah",nurse
D82093,Fanny Udale,4/20/1969,016-3418305,M,"97 Tennyson Point, 20842, Negeri Sembilan",doctor
D94448,Thalia Trevaskus,11/7/1928,019-7291599,M,"81 Bashford Pass, 89315, Kuala Lumpur",doctor
N33738,Garnet Dillaway,11/25/1987,011-64977531,F,"7 Oriole Parkway, 08892, Penang",nurse
N06495,Ezmeralda Whitfeld,9/24/1933,010-32932422,M,"9 Towne Center, 08888, Negeri Sembilan",nurse
N86577,Loralie Thews,3/2/1960,010-72010018,M,"1 Alpine Road, 36465, Terengganu",nurse
N68233,Miner Crookshank,8/4/1907,019-6799024,M,"831 Hovde Junction, 37917, Negeri Sembilan",nurse
N33430,Augie Harberer,11/9/1901,011-78720592,F,"57967 Ryan Street, 40759, Kuala Lumpur",nurse
N16451,Paco Kill,12/19/1933,010-98654061,F,"6 Mifflin Terrace, 55571, Negeri Sembilan",nurse
N41002,Dolph Carney,5/1/1983,011-51093521,M,"2216 Hagan Terrace, 26135, Johor",nurse
D26780,Ivy Pinck,4/7/1976,019-7147515,M,"23 Cottonwood Drive, 57041, Pahang",doctor
N74019,Candis Balharry,6/7/1954,010-28487124,M,"7307 Dexter Alley, 46935, Labuan",nurse
N47186,Clementia Marnes,5/21/1992,010-56172532,F,"649 Dayton Street, 65144, Pahang",nurse
D42910,Malynda Winchcomb,10/7/1968,011-74474684,M,"35 Atwood Pass, 69516, Kedah",doctor
N55206,Ellery Duffil,6/25/1909,018-8194312,F,"3 Mandrake Terrace, 81251, Selangor",nurse
N67334,Jarret Lampen,10/3/1987,011-95698342,F,"873 Gale Lane, 57751, Sabah",nurse
D50997,Berny Swannell,3/25/1930,011-69076771,F,"7164 Basil Circle, 22993, Johor",doctor
D06825,Emlyn Oag,2/20/1956,019-4398140,M,"9816 Huxley Center, 55259, Melaka",doctor
N92115,Rolfe Wofenden,1/2/1906,018-9650397,F,"9811 Sachtjen Plaza, 08796, Labuan",nurse
N65280,Avery McKeefry,8/18/1932,011-55934580,F,"824 Ohio Center, 07350, Kelantan",nurse
D56832,Cissiee Latter,1/10/1912,017-6673319,M,"9 Riverside Circle, 11582, Terengganu",doctor
N51432,Goldie Steven,12/21/1903,011-2884500,F,"69 Porter Center, 55470, Putrajaya",nurse
N25984,Flossie Alsina,9/8/1942,011-42496499,F,"19680 Sachtjen Point, 62698, Perak",nurse
N32760,Edee Whilde,7/29/1978,011-79374551,M,"985 Jana Circle, 45763, Kuala Lumpur",nurse
N18986,Elvyn Cumberbatch,11/27/1985,010-90395863,F,"6 Boyd Terrace, 39301, Pahang",nurse
D84110,Lavinie Joblin,1/10/1913,018-2282259,F,"71831 Grim Alley, 51951, Selangor",doctor
D13671,Burton Awdry,11/20/1934,011-64729497,F,"269 Fulton Center, 59237, Penang",doctor
N79968,Ilyse Blackwell,7/3/1954,011-22356956,M,"0 Clarendon Plaza, 26511, Sabah",nurse
N54711,Lynea Spadelli,6/6/1910,010-31549328,F,"99578 Meadow Ridge Avenue, 24623, Kuala Lumpur",nurse
N92403,Flora Benns,7/28/1998,019-1792356,F,"6 Lakewood Gardens Alley, 09728, Labuan",nurse
N96304,Alyce Adamov,3/16/1902,011-56649331,F,"04429 Maple Hill, 27906, Labuan",nurse
N28114,Sarita Casel,1/11/1924,011-06464349,M,"73 Rusk Alley, 50013, Kuala Lumpur",nurse
D64741,Davis Magnar,9/26/1966,019-4707908,F,"9102 Sloan Street, 17139, Selangor",doctor
N39293,Roxine Wink,3/19/1928,011-60527314,F,"385 Everett Avenue, 46282, Labuan",nurse
N54370,Mendie Curnokk,4/12/1933,010-29579214,F,"1 Heffernan Road, 40075, Perak",nurse
N95894,Julienne Stops,1/27/1965,011-24780943,M,"540 Northfield Crossing, 25767, Sarawak",nurse
N92511,Wildon Lyston,7/12/1919,019-1806709,F,"28917 Prentice Court, 67084, Pahang",nurse
N12663,Darcie Breewood,4/18/1949,010-93034005,M,"78688 Esch Pass, 45085, Kuala Lumpur",nurse
N30674,Charmaine Zanni,4/29/1954,019-8947678,M,"7248 Pleasure Avenue, 54559, Kedah",nurse
D81809,Thorin Reggio,7/9/1957,010-21759755,M,"2 Becker Road, 85966, Perlis",doctor
N59014,Teodora Kittredge,11/3/1901,018-3173399,M,"177 Wayridge Pass, 48714, Putrajaya",nurse
N01422,Emma Strathman,4/24/1954,010-19534765,M,"86 Park Meadow Lane, 78877, Melaka",nurse
N48882,Elisha Cruddas,3/10/1979,010-75918192,M,"4 Artisan Court, 95315, Perak",nurse
D45312,Renaud Adamiak,9/22/1931,010-77126386,F,"3703 Nobel Circle, 95529, Negeri Sembilan",doctor
N56221,Rodi Lackie,8/27/1907,018-6447053,F,"25 Donald Crossing, 34089, Negeri Sembilan",nurse
D01142,Damita Santorini,5/18/1922,011-41204723,M,"29670 Hermina Circle, 10521, Perak",doctor
D11689,Farah Sallis,6/3/1947,010-44078733,F,"4818 Prairie Rose Terrace, 88201, Putrajaya",doctor
N03804,Howard Aldrick,10/21/1949,011-25425312,M,"783 Mayfield Parkway, 40901, Selangor",nurse
N72424,Neely Happer,8/5/1943,010-28777930,M,"327 Division Point, 29631, Kelantan",nurse
N91970,Lynne Nightingale,11/12/1901,019-3481423,M,"3 Nevada Terrace, 87429, Johor",nurse
D73182,Catherina Hollyard,11/12/1964,011-10205746,M,"77 Roxbury Center, 11474, Negeri Sembilan",doctor
N00027,Claybourne Edgeley,12/29/1966,019-9299004,M,"6 Redwing Circle, 10200, Labuan",nurse
N87681,Tammie Kopfen,9/5/1946,011-79159495,F,"5162 Sycamore Trail, 15494, Terengganu",nurse
D76084,Morganne Moggan,5/22/1956,010-40258926,M,"060 Mallory Circle, 31917, Penang",doctor
N72637,Myrta Baugham,5/11/1971,011-80495725,M,"09212 Calypso Parkway, 37405, Johor",nurse
N65726,Cyrill Porcher,5/29/1912,014-7745518,M,"467 Marquette Parkway, 40611, Kelantan",nurse
N28291,Brianne Kolushev,7/12/1905,011-05199474,F,"8650 Transport Pass, 39252, Terengganu",nurse
D76359,Tracy Nary,4/11/1994,019-3793957,M,"734 Lerdahl Road, 02282, Selangor",doctor
N16047,Leeland Gorelli,2/2/1937,011-01612314,F,"1 Acker Plaza, 22766, Penang",nurse
N27399,Mandie Hrishanok,3/6/1983,010-13116046,M,"36 Fremont Road, 07806, Pahang",nurse
N64605,Noemi Stannah,1/1/1977,019-9221251,F,"7415 Ronald Regan Lane, 07889, Penang",nurse
D42570,Sheilah Plaistowe,12/7/1998,018-2134743,M,"88 Saint Paul Trail, 34853, Melaka",doctor
N38638,Terry Stonehewer,1/30/1996,011-34976179,F,"46 Kipling Crossing, 41128, Negeri Sembilan",nurse
N93501,Jessalin Aughtie,11/18/1909,017-9521199,M,"62267 Mayfield Drive, 45583, Perlis",nurse
N64083,Adelheid Moran,7/9/1929,010-27523402,F,"123 Old Shore Court, 28548, Penang",nurse
D82555,Vachel Barca,8/6/1946,010-87759560,F,"5760 Portage Terrace, 60473, Pahang",doctor
N78910,Jewell Merrigans,4/29/1929,018-9549215,M,"85218 Anhalt Avenue, 70209, Negeri Sembilan",nurse
N99294,Carrissa Mellenby,6/16/1933,010-29687325,F,"134 Michigan Lane, 75145, Kelantan",nurse
D80205,Lenka Nickels,4/12/1929,018-4573991,F,"55 Northview Court, 22753, Terengganu",doctor
N19621,Stacee Attlee,2/27/1911,011-33276559,F,"44 Meadow Valley Point, 84598, Melaka",nurse
N62057,Patti Fairfoot,12/18/1915,019-2918506,M,"369 Hazelcrest Crossing, 32128, Pahang",nurse
N97388,Axel Warlaw,7/29/1978,019-3987241,F,"3 Lerdahl Junction, 09065, Kedah",nurse
N62151,Ciro Blasli,4/9/1901,011-11406656,M,"5 Glendale Terrace, 93524, Kedah",nurse
N97466,Tiena Lorrie,8/22/1958,017-6197595,M,"23 Dottie Pass, 27143, Penang",nurse
N81454,Torry Wheldon,2/6/1940,018-7911374,F,"2 Saint Paul Circle, 06992, Terengganu",nurse
N09585,Land Thornbarrow,3/31/1910,011-02861198,F,"85722 Farmco Plaza, 05870, Selangor",nurse
N61405,Eada Davet,5/2/1992,019-5548545,M,"8659 Grayhawk Road, 01260, Perlis",nurse
D21856,Dewey De Matteis,7/9/1910,018-5284792,F,"035 8th Park, 58270, Melaka",doctor
