centreID,staffID,assignmentDate,workingHour,dutyRole
C19149,N15869,26/01/2021,night shift(2100-0500),tester
C34341,N91251,27/07/2020,afternoon shift(1300-2100),examiner
C38573,N72176,01/12/2018,afternoon shift(1300-2100),vaccinator
C21883,N43094,23/08/2018,morning shift(0500-1300),care taker
C80674,N31948,26/10/2020,afternoon shift(1300-2100),tester
C73062,N74162,17/05/2021,morning shift(0500-1300),tester
C38789,N76250,06/03/2020,night shift(2100-0500),examiner
C34151,N02381,16/02/2019,night shift(2100-0500),examiner
C89400,N47434,15/04/2019,afternoon shift(1300-2100),examiner
C97873,D44377,03/06/2021,night shift(2100-0500),condition monitoring
C55995,N86009,21/07/2019,night shift(2100-0500),tester
C16057,N03453,12/10/2020,afternoon shift(1300-2100),vaccinator
C30323,N44321,25/05/2021,afternoon shift(1300-2100),vaccinator
C90794,N08677,13/12/2018,night shift(2100-0500),care taker
C33463,N26240,28/07/2018,morning shift(0500-1300),tester
C00960,N60297,17/01/2021,afternoon shift(1300-2100),tester
C65811,N05852,09/02/2019,morning shift(0500-1300),vaccinator
C96657,N67065,28/06/2021,afternoon shift(1300-2100),tester
C57533,N51901,03/07/2021,afternoon shift(1300-2100),care taker
C73148,D47320,03/01/2019,morning shift(0500-1300),coordinator
C77741,N76915,23/11/2020,morning shift(0500-1300),examiner
C63521,N89191,28/09/2020,night shift(2100-0500),vaccinator
C75072,D37224,25/11/2018,night shift(2100-0500),condition monitoring
C44256,N94756,06/07/2019,night shift(2100-0500),tester
C28348,N99642,12/04/2019,morning shift(0500-1300),examiner
C94724,N04509,15/11/2018,night shift(2100-0500),tester
C94075,N70690,26/07/2021,morning shift(0500-1300),care taker
C95781,D02104,02/04/2021,night shift(2100-0500),condition monitoring
C08426,N18018,06/01/2019,afternoon shift(1300-2100),vaccinator
C62299,N14515,12/06/2020,night shift(2100-0500),vaccinator
C34648,N87235,21/02/2019,afternoon shift(1300-2100),tester
C32447,N12591,12/12/2020,afternoon shift(1300-2100),care taker
C43228,N50921,13/11/2018,morning shift(0500-1300),examiner
C80123,N59936,08/12/2019,morning shift(0500-1300),tester
C27022,D43323,20/07/2021,morning shift(0500-1300),condition monitoring
C17418,N28045,21/06/2018,morning shift(0500-1300),tester
C37581,N63003,30/07/2021,night shift(2100-0500),tester
C33733,N75984,16/11/2019,night shift(2100-0500),examiner
C09157,D72629,17/06/2018,afternoon shift(1300-2100),coordinator
C07739,D68524,21/03/2020,afternoon shift(1300-2100),condition monitoring
C19149,N05643,22/04/2021,morning shift(0500-1300),tester
C34341,N47517,12/06/2018,night shift(2100-0500),vaccinator
C38573,N97556,08/02/2019,night shift(2100-0500),examiner
C21883,N48078,08/10/2019,morning shift(0500-1300),care taker
C80674,N93825,01/01/2019,morning shift(0500-1300),care taker
C73062,N48700,13/10/2020,afternoon shift(1300-2100),tester
C38789,N95485,14/03/2020,morning shift(0500-1300),vaccinator
C34151,N29254,24/05/2021,night shift(2100-0500),examiner
C89400,N05157,22/07/2019,afternoon shift(1300-2100),care taker
C97873,N54324,09/07/2021,night shift(2100-0500),tester
C55995,N36012,24/04/2020,morning shift(0500-1300),vaccinator
C16057,N19060,08/02/2021,night shift(2100-0500),examiner
C30323,N00861,03/03/2019,morning shift(0500-1300),tester
C90794,N25937,21/05/2021,night shift(2100-0500),tester
C33463,N09902,09/09/2019,morning shift(0500-1300),care taker
C00960,N09288,30/09/2018,morning shift(0500-1300),tester
C65811,D32711,16/12/2019,morning shift(0500-1300),condition monitoring
C96657,N72181,30/12/2019,morning shift(0500-1300),care taker
C57533,D70439,14/06/2021,afternoon shift(1300-2100),coordinator
C73148,N01501,25/06/2018,night shift(2100-0500),examiner
C77741,N59310,13/06/2020,morning shift(0500-1300),examiner
C63521,D66258,23/12/2020,night shift(2100-0500),condition monitoring
C75072,N26572,31/07/2021,night shift(2100-0500),tester
C44256,N52930,26/09/2020,night shift(2100-0500),examiner
C28348,N52226,19/02/2020,afternoon shift(1300-2100),tester
C94724,N67149,06/12/2018,morning shift(0500-1300),care taker
C94075,D31188,03/03/2020,afternoon shift(1300-2100),condition monitoring
C95781,D81464,21/05/2020,night shift(2100-0500),coordinator
C08426,N01781,06/11/2018,afternoon shift(1300-2100),care taker
C62299,N57930,02/08/2019,morning shift(0500-1300),care taker
C34648,N37086,27/10/2018,afternoon shift(1300-2100),care taker
C32447,N56722,08/12/2018,night shift(2100-0500),tester
C43228,N57483,18/01/2020,morning shift(0500-1300),examiner
C80123,N92584,20/03/2019,afternoon shift(1300-2100),care taker
C27022,N98421,11/02/2019,morning shift(0500-1300),examiner
C17418,D80194,05/09/2020,morning shift(0500-1300),condition monitoring
C37581,D03564,24/10/2019,night shift(2100-0500),condition monitoring
C33733,N01289,06/06/2019,night shift(2100-0500),care taker
C09157,N89412,25/10/2020,morning shift(0500-1300),vaccinator
C07739,N09807,08/07/2021,night shift(2100-0500),vaccinator
C19149,N45811,31/07/2019,night shift(2100-0500),tester
C34341,N93331,05/12/2020,afternoon shift(1300-2100),care taker
C38573,N19414,21/06/2020,morning shift(0500-1300),tester
C21883,N33486,19/12/2018,morning shift(0500-1300),examiner
C80674,D95945,14/05/2020,morning shift(0500-1300),coordinator
C73062,N44742,27/08/2018,afternoon shift(1300-2100),care taker
C38789,N03407,07/06/2018,night shift(2100-0500),care taker
C34151,N71264,13/06/2018,morning shift(0500-1300),tester
C89400,N20805,08/01/2021,night shift(2100-0500),care taker
C97873,N99314,05/03/2020,morning shift(0500-1300),care taker
C55995,N37399,12/04/2021,morning shift(0500-1300),tester
C16057,N93163,07/01/2021,night shift(2100-0500),tester
C30323,D87775,02/08/2018,night shift(2100-0500),coordinator
C90794,N99415,23/11/2018,night shift(2100-0500),vaccinator
C33463,N00997,08/07/2018,morning shift(0500-1300),vaccinator
C00960,D02092,01/11/2018,morning shift(0500-1300),condition monitoring
C65811,D38712,19/01/2021,night shift(2100-0500),coordinator
C96657,D59758,12/07/2018,night shift(2100-0500),coordinator
C57533,N84761,04/03/2020,night shift(2100-0500),examiner
C73148,D72386,12/02/2021,morning shift(0500-1300),condition monitoring
C77741,N53019,09/03/2019,morning shift(0500-1300),vaccinator
C63521,N10593,07/06/2021,night shift(2100-0500),tester
C75072,D86439,07/07/2021,morning shift(0500-1300),coordinator
C44256,N00342,03/01/2020,morning shift(0500-1300),examiner
C28348,N76290,17/08/2018,morning shift(0500-1300),examiner
C94724,N59752,31/03/2019,morning shift(0500-1300),care taker
C94075,N44145,30/09/2019,morning shift(0500-1300),vaccinator
C95781,D43493,11/07/2020,afternoon shift(1300-2100),condition monitoring
C08426,N61033,24/11/2020,night shift(2100-0500),tester
C62299,D95007,14/08/2019,afternoon shift(1300-2100),condition monitoring
C34648,D04747,09/07/2019,afternoon shift(1300-2100),condition monitoring
C32447,N35319,16/05/2021,night shift(2100-0500),examiner
C43228,N27965,15/12/2018,night shift(2100-0500),examiner
C80123,N13654,14/05/2020,afternoon shift(1300-2100),care taker
C27022,N85966,20/06/2021,morning shift(0500-1300),care taker
C17418,N64450,14/07/2021,afternoon shift(1300-2100),tester
C37581,N36339,27/10/2019,morning shift(0500-1300),tester
C33733,N49025,19/02/2019,afternoon shift(1300-2100),vaccinator
C09157,N15398,23/06/2018,night shift(2100-0500),tester
C07739,N50816,08/08/2020,morning shift(0500-1300),tester
C19149,N00100,25/09/2020,night shift(2100-0500),examiner
C34341,N79909,29/07/2020,night shift(2100-0500),vaccinator
C38573,D52178,13/09/2020,morning shift(0500-1300),condition monitoring
C21883,N56356,24/10/2018,night shift(2100-0500),tester
C80674,N18034,13/11/2020,afternoon shift(1300-2100),vaccinator
C73062,N37708,18/07/2021,afternoon shift(1300-2100),vaccinator
C38789,N22006,14/01/2020,night shift(2100-0500),examiner
C34151,D10463,27/11/2020,morning shift(0500-1300),coordinator
C89400,N52203,19/07/2020,morning shift(0500-1300),care taker
C97873,N32541,18/10/2019,afternoon shift(1300-2100),examiner
C55995,D02165,17/02/2020,night shift(2100-0500),coordinator
C16057,N86869,11/08/2019,morning shift(0500-1300),care taker
C30323,D54443,29/09/2018,afternoon shift(1300-2100),condition monitoring
C90794,N86598,15/12/2018,morning shift(0500-1300),care taker
C33463,N38342,06/11/2019,night shift(2100-0500),tester
C00960,N53055,25/03/2019,afternoon shift(1300-2100),tester
C65811,N48515,16/12/2019,morning shift(0500-1300),examiner
C96657,D63155,02/02/2019,night shift(2100-0500),condition monitoring
C57533,D50896,29/04/2020,night shift(2100-0500),condition monitoring
C73148,N46557,02/07/2020,night shift(2100-0500),care taker
C77741,N62210,08/12/2018,night shift(2100-0500),care taker
C63521,N71187,23/10/2019,morning shift(0500-1300),care taker
C75072,N61572,31/08/2020,morning shift(0500-1300),examiner
C44256,N42877,20/07/2018,afternoon shift(1300-2100),examiner
C28348,N17791,01/01/2021,morning shift(0500-1300),examiner
C94724,N32367,08/08/2020,afternoon shift(1300-2100),vaccinator
C94075,N62397,16/02/2019,afternoon shift(1300-2100),examiner
C95781,N28853,26/01/2019,night shift(2100-0500),examiner
C08426,N45297,18/07/2020,morning shift(0500-1300),vaccinator
C62299,D61003,23/01/2020,afternoon shift(1300-2100),coordinator
C34648,N79553,18/02/2020,night shift(2100-0500),vaccinator
C32447,D47851,22/07/2021,morning shift(0500-1300),coordinator
C43228,D89907,28/12/2020,afternoon shift(1300-2100),coordinator
C80123,N07723,21/09/2019,night shift(2100-0500),vaccinator
C27022,N96460,25/01/2020,night shift(2100-0500),vaccinator
C17418,N07578,15/08/2020,afternoon shift(1300-2100),care taker
C37581,N81148,17/11/2019,morning shift(0500-1300),tester
C33733,N06478,12/09/2018,morning shift(0500-1300),examiner
C09157,N34196,18/01/2019,morning shift(0500-1300),vaccinator
C07739,D89761,10/07/2019,morning shift(0500-1300),condition monitoring
C19149,N32330,19/07/2020,afternoon shift(1300-2100),care taker
C34341,N18408,29/08/2019,morning shift(0500-1300),examiner
C38573,N81717,11/07/2018,afternoon shift(1300-2100),vaccinator
C21883,N94870,25/05/2020,morning shift(0500-1300),care taker
C80674,N53665,05/10/2019,morning shift(0500-1300),vaccinator
C73062,N89098,02/04/2020,morning shift(0500-1300),examiner
C38789,N91488,01/04/2019,morning shift(0500-1300),tester
C34151,N29623,14/12/2019,night shift(2100-0500),examiner
C89400,D60762,13/08/2018,night shift(2100-0500),coordinator
C97873,N73537,13/01/2021,afternoon shift(1300-2100),care taker
C55995,D14328,29/03/2020,morning shift(0500-1300),coordinator
C16057,N89035,11/10/2020,night shift(2100-0500),examiner
C30323,N68829,17/01/2019,night shift(2100-0500),care taker
C90794,N20354,09/01/2021,morning shift(0500-1300),examiner
C33463,N73259,06/06/2021,night shift(2100-0500),tester
C00960,N85953,14/11/2018,morning shift(0500-1300),care taker
C65811,N36593,20/03/2020,morning shift(0500-1300),vaccinator
C96657,N07728,27/09/2020,afternoon shift(1300-2100),examiner
C57533,N12382,29/01/2019,morning shift(0500-1300),tester
C73148,N57186,05/09/2018,afternoon shift(1300-2100),vaccinator
C77741,D70971,01/12/2020,morning shift(0500-1300),condition monitoring
C63521,N25112,10/07/2021,morning shift(0500-1300),tester
C75072,N35566,01/09/2019,afternoon shift(1300-2100),examiner
C44256,D78906,26/04/2019,night shift(2100-0500),condition monitoring
C28348,N38347,12/06/2018,morning shift(0500-1300),examiner
C94724,N91300,31/01/2019,morning shift(0500-1300),care taker
C94075,N53189,27/12/2018,morning shift(0500-1300),examiner
C95781,N32176,23/09/2020,night shift(2100-0500),tester
C08426,N70310,24/07/2019,afternoon shift(1300-2100),care taker
C62299,N91184,27/01/2019,night shift(2100-0500),vaccinator
C34648,N02334,04/11/2020,night shift(2100-0500),vaccinator
C32447,D97949,03/06/2020,afternoon shift(1300-2100),coordinator
C43228,N70421,18/02/2019,afternoon shift(1300-2100),care taker
C80123,D08615,18/07/2020,night shift(2100-0500),coordinator
C27022,N89364,07/10/2018,morning shift(0500-1300),vaccinator
C17418,D61997,02/10/2020,night shift(2100-0500),coordinator
C37581,N30251,18/01/2021,night shift(2100-0500),tester
C33733,D99731,31/05/2019,night shift(2100-0500),coordinator
C09157,N50487,21/04/2019,afternoon shift(1300-2100),care taker
C07739,N14584,29/05/2020,morning shift(0500-1300),care taker
C19149,N53349,21/03/2020,morning shift(0500-1300),tester
C34341,N34521,21/09/2020,night shift(2100-0500),tester
C38573,N29787,29/04/2021,morning shift(0500-1300),vaccinator
C21883,N63668,19/06/2021,morning shift(0500-1300),vaccinator
C80674,D61387,29/11/2018,night shift(2100-0500),condition monitoring
C73062,D41652,29/08/2018,afternoon shift(1300-2100),condition monitoring
C38789,N52344,02/08/2019,night shift(2100-0500),tester
C34151,D27490,03/07/2018,morning shift(0500-1300),coordinator
C89400,N26508,27/07/2021,night shift(2100-0500),vaccinator
C97873,N95528,17/02/2021,afternoon shift(1300-2100),care taker
C55995,N74670,31/03/2020,afternoon shift(1300-2100),care taker
C16057,N58925,02/10/2019,morning shift(0500-1300),tester
C30323,D42083,16/05/2019,night shift(2100-0500),condition monitoring
C90794,N15376,29/04/2021,afternoon shift(1300-2100),care taker
C33463,N91404,25/10/2019,afternoon shift(1300-2100),examiner
C00960,D75348,22/03/2020,morning shift(0500-1300),condition monitoring
C65811,N37291,26/01/2019,night shift(2100-0500),tester
C96657,N87800,20/09/2018,morning shift(0500-1300),examiner
C57533,D98561,07/10/2020,afternoon shift(1300-2100),coordinator
C73148,N50695,26/06/2020,afternoon shift(1300-2100),tester
C77741,N92301,03/05/2020,night shift(2100-0500),tester
C63521,N58013,14/04/2019,afternoon shift(1300-2100),care taker
C75072,N29488,15/12/2018,night shift(2100-0500),examiner
C44256,N75248,26/07/2020,afternoon shift(1300-2100),examiner
C28348,D28904,22/07/2018,afternoon shift(1300-2100),condition monitoring
C94724,N11416,16/03/2019,morning shift(0500-1300),vaccinator
C94075,N07980,02/11/2019,morning shift(0500-1300),examiner
C95781,N83724,04/02/2021,afternoon shift(1300-2100),vaccinator
C08426,N94564,04/08/2019,morning shift(0500-1300),tester
C62299,N75302,27/10/2020,night shift(2100-0500),vaccinator
C34648,N94323,06/01/2020,night shift(2100-0500),vaccinator
C32447,N93942,28/08/2018,morning shift(0500-1300),care taker
C43228,N85937,24/12/2020,night shift(2100-0500),tester
C80123,N14760,01/12/2020,morning shift(0500-1300),care taker
C27022,N11358,11/05/2019,afternoon shift(1300-2100),vaccinator
C17418,N04113,05/07/2019,night shift(2100-0500),care taker
C37581,N74564,28/06/2018,afternoon shift(1300-2100),vaccinator
C33733,D03301,02/09/2019,morning shift(0500-1300),condition monitoring
C09157,N83698,26/11/2020,afternoon shift(1300-2100),vaccinator
C07739,N73170,02/07/2020,morning shift(0500-1300),care taker
C19149,D26442,12/07/2019,morning shift(0500-1300),coordinator
C34341,N82616,15/02/2021,night shift(2100-0500),examiner
C38573,N90295,15/03/2020,night shift(2100-0500),examiner
C21883,N80201,14/05/2019,morning shift(0500-1300),vaccinator
C80674,D47154,04/11/2020,afternoon shift(1300-2100),condition monitoring
C73062,N42652,30/05/2020,afternoon shift(1300-2100),tester
C38789,N08587,23/12/2018,night shift(2100-0500),vaccinator
C34151,N51293,30/12/2019,morning shift(0500-1300),care taker
C89400,D53961,27/05/2021,morning shift(0500-1300),condition monitoring
C97873,N49811,09/11/2020,afternoon shift(1300-2100),vaccinator
C55995,D01625,12/03/2019,afternoon shift(1300-2100),coordinator
C16057,N03914,26/01/2019,afternoon shift(1300-2100),examiner
C30323,N90844,08/04/2020,morning shift(0500-1300),vaccinator
C90794,N25081,13/02/2019,night shift(2100-0500),care taker
C33463,D32904,30/10/2018,afternoon shift(1300-2100),coordinator
C00960,N85026,26/12/2020,afternoon shift(1300-2100),vaccinator
C65811,N12187,06/04/2019,night shift(2100-0500),vaccinator
C96657,N05697,10/07/2021,night shift(2100-0500),examiner
C57533,N30939,29/02/2020,night shift(2100-0500),vaccinator
C73148,D35363,05/08/2020,night shift(2100-0500),condition monitoring
C77741,N88225,10/02/2020,morning shift(0500-1300),care taker
C63521,D19145,02/06/2021,morning shift(0500-1300),coordinator
C75072,N47793,10/10/2019,morning shift(0500-1300),examiner
C44256,N74331,14/02/2021,night shift(2100-0500),examiner
C28348,N17971,23/11/2019,night shift(2100-0500),care taker
C94724,N23275,20/04/2020,morning shift(0500-1300),tester
C94075,N25632,03/08/2021,night shift(2100-0500),vaccinator
C95781,N87667,30/07/2019,night shift(2100-0500),examiner
C08426,N49698,20/11/2019,afternoon shift(1300-2100),examiner
C62299,N67036,01/02/2020,night shift(2100-0500),examiner
C34648,N73002,14/11/2019,night shift(2100-0500),examiner
C32447,N49544,03/10/2020,afternoon shift(1300-2100),examiner
C43228,D97950,28/02/2020,afternoon shift(1300-2100),condition monitoring
C80123,N97126,26/03/2020,afternoon shift(1300-2100),vaccinator
C27022,N84351,07/07/2021,morning shift(0500-1300),vaccinator
C17418,N89587,01/06/2019,afternoon shift(1300-2100),care taker
C37581,N59595,28/08/2018,night shift(2100-0500),tester
C33733,N63943,13/06/2021,morning shift(0500-1300),examiner
C09157,N84802,26/06/2021,night shift(2100-0500),examiner
C07739,D20699,24/02/2020,afternoon shift(1300-2100),coordinator
C19149,N35934,01/11/2019,night shift(2100-0500),tester
C34341,N81856,31/07/2019,night shift(2100-0500),vaccinator
C38573,N30996,18/03/2020,night shift(2100-0500),care taker
C21883,N08633,06/07/2021,night shift(2100-0500),examiner
C80674,N24118,05/01/2021,night shift(2100-0500),care taker
C73062,D72446,06/06/2020,night shift(2100-0500),coordinator
C38789,N48237,12/11/2018,night shift(2100-0500),care taker
C34151,N65089,27/01/2021,morning shift(0500-1300),examiner
C89400,N58735,22/07/2018,night shift(2100-0500),care taker
C97873,N73434,05/09/2019,morning shift(0500-1300),tester
C55995,D47153,18/03/2021,morning shift(0500-1300),coordinator
C16057,D31772,12/06/2019,morning shift(0500-1300),coordinator
C30323,N05740,27/08/2019,morning shift(0500-1300),tester
C90794,N73978,30/09/2018,morning shift(0500-1300),care taker
C33463,N07974,20/03/2020,morning shift(0500-1300),care taker
C00960,N57349,26/12/2019,night shift(2100-0500),vaccinator
C65811,N48535,02/01/2019,morning shift(0500-1300),vaccinator
C96657,N72772,05/05/2021,afternoon shift(1300-2100),tester
C57533,N74448,04/12/2018,night shift(2100-0500),examiner
C73148,N35357,11/08/2020,night shift(2100-0500),care taker
C77741,N59426,21/06/2021,morning shift(0500-1300),examiner
C63521,N13721,31/07/2021,morning shift(0500-1300),tester
C75072,D79848,30/01/2019,night shift(2100-0500),coordinator
C44256,N11239,02/01/2021,morning shift(0500-1300),examiner
C28348,D78358,24/04/2021,afternoon shift(1300-2100),coordinator
C94724,N21273,02/05/2021,night shift(2100-0500),vaccinator
C94075,N42553,22/10/2020,night shift(2100-0500),examiner
C95781,N72003,28/07/2018,morning shift(0500-1300),care taker
C08426,N48209,09/11/2018,afternoon shift(1300-2100),tester
C62299,N35652,11/03/2020,afternoon shift(1300-2100),care taker
C34648,N66907,24/01/2019,morning shift(0500-1300),care taker
C32447,D70350,01/05/2019,morning shift(0500-1300),coordinator
C43228,N44355,16/01/2020,morning shift(0500-1300),examiner
C80123,N11444,28/09/2019,morning shift(0500-1300),vaccinator
C27022,N86013,21/07/2020,afternoon shift(1300-2100),tester
C17418,N55487,28/05/2020,morning shift(0500-1300),care taker
C37581,N31664,18/06/2018,afternoon shift(1300-2100),examiner
C33733,N03446,15/02/2021,afternoon shift(1300-2100),tester
C09157,N90753,01/06/2021,night shift(2100-0500),vaccinator
C07739,D64542,24/06/2019,afternoon shift(1300-2100),coordinator
C19149,N75886,26/12/2018,night shift(2100-0500),care taker
C34341,N38481,13/11/2019,afternoon shift(1300-2100),tester
C38573,N40114,24/07/2021,afternoon shift(1300-2100),examiner
C21883,N35847,22/07/2019,afternoon shift(1300-2100),care taker
C80674,D78438,30/07/2020,afternoon shift(1300-2100),condition monitoring
C73062,D79779,05/01/2021,afternoon shift(1300-2100),coordinator
C38789,N03266,05/08/2019,afternoon shift(1300-2100),tester
C34151,N46967,29/11/2020,night shift(2100-0500),tester
C89400,N52896,12/05/2020,afternoon shift(1300-2100),care taker
C97873,D98837,11/05/2021,afternoon shift(1300-2100),coordinator
C55995,N42457,02/06/2020,morning shift(0500-1300),examiner
C16057,N99491,22/12/2020,morning shift(0500-1300),care taker
C30323,N19803,06/03/2019,afternoon shift(1300-2100),examiner
C90794,N92507,05/10/2020,morning shift(0500-1300),examiner
C33463,N65530,05/09/2019,night shift(2100-0500),care taker
C00960,N63682,09/05/2021,morning shift(0500-1300),examiner
C65811,N73913,15/02/2020,morning shift(0500-1300),care taker
C96657,D67875,30/06/2018,afternoon shift(1300-2100),coordinator
C57533,N42896,03/11/2018,night shift(2100-0500),examiner
C73148,N96061,11/03/2019,morning shift(0500-1300),vaccinator
C77741,D54777,13/12/2019,night shift(2100-0500),condition monitoring
C63521,D66094,30/12/2019,morning shift(0500-1300),coordinator
C75072,N41060,23/04/2020,night shift(2100-0500),vaccinator
C44256,N53450,01/11/2019,night shift(2100-0500),vaccinator
C28348,N85718,07/03/2021,morning shift(0500-1300),tester
C94724,D46054,21/05/2020,afternoon shift(1300-2100),coordinator
C94075,N61149,29/08/2020,afternoon shift(1300-2100),examiner
C95781,N35971,19/03/2021,night shift(2100-0500),vaccinator
C08426,N58180,22/11/2018,afternoon shift(1300-2100),care taker
C62299,N29954,24/07/2019,night shift(2100-0500),vaccinator
C34648,N18151,30/12/2018,morning shift(0500-1300),care taker
C32447,D61569,01/09/2018,afternoon shift(1300-2100),coordinator
C43228,N97018,20/11/2020,night shift(2100-0500),tester
C80123,N65263,23/06/2021,morning shift(0500-1300),vaccinator
C27022,N23832,05/04/2019,night shift(2100-0500),examiner
C17418,N53623,26/03/2020,night shift(2100-0500),care taker
C37581,N94997,25/03/2020,night shift(2100-0500),care taker
C33733,N41989,30/10/2020,night shift(2100-0500),tester
C09157,N14117,23/06/2019,night shift(2100-0500),examiner
C07739,N53550,08/06/2019,afternoon shift(1300-2100),care taker
C19149,D30905,29/08/2020,night shift(2100-0500),condition monitoring
C34341,N82718,31/10/2018,morning shift(0500-1300),tester
C38573,D36555,19/09/2019,morning shift(0500-1300),condition monitoring
C21883,N23836,02/10/2019,night shift(2100-0500),vaccinator
C80674,N24975,31/01/2021,morning shift(0500-1300),care taker
C73062,N89199,11/01/2020,morning shift(0500-1300),examiner
C38789,N64992,11/06/2019,night shift(2100-0500),examiner
C34151,N50545,22/11/2020,morning shift(0500-1300),tester
C89400,N22638,08/06/2021,afternoon shift(1300-2100),tester
C97873,D60538,08/07/2019,night shift(2100-0500),condition monitoring
C55995,N49802,27/03/2019,morning shift(0500-1300),tester
C16057,D87239,31/08/2019,night shift(2100-0500),coordinator
C30323,N85936,27/08/2020,morning shift(0500-1300),examiner
C90794,N12940,28/07/2021,morning shift(0500-1300),tester
C33463,N29733,19/02/2019,afternoon shift(1300-2100),care taker
C00960,D25886,08/03/2019,morning shift(0500-1300),condition monitoring
C65811,N52225,27/11/2018,morning shift(0500-1300),tester
C96657,N49856,16/02/2021,afternoon shift(1300-2100),care taker
C57533,N03217,01/10/2018,night shift(2100-0500),tester
C73148,D83978,09/02/2019,night shift(2100-0500),coordinator
C77741,N62136,02/04/2019,night shift(2100-0500),care taker
C63521,N80553,30/06/2019,afternoon shift(1300-2100),vaccinator
C75072,N88481,28/09/2020,morning shift(0500-1300),examiner
C44256,D25646,15/01/2019,night shift(2100-0500),coordinator
C28348,N56273,11/10/2018,morning shift(0500-1300),vaccinator
C94724,D39895,09/02/2019,afternoon shift(1300-2100),condition monitoring
C94075,N19143,10/12/2020,morning shift(0500-1300),examiner
C95781,D25642,10/02/2021,morning shift(0500-1300),condition monitoring
C08426,N36215,03/05/2021,morning shift(0500-1300),examiner
C62299,N57641,24/07/2018,afternoon shift(1300-2100),care taker
C34648,N07477,23/11/2018,afternoon shift(1300-2100),examiner
C32447,D19564,13/07/2021,night shift(2100-0500),coordinator
C43228,N01282,24/04/2020,night shift(2100-0500),care taker
C80123,N37205,23/03/2021,morning shift(0500-1300),tester
C27022,D36138,22/02/2021,afternoon shift(1300-2100),coordinator
C17418,D70705,20/01/2021,night shift(2100-0500),condition monitoring
C37581,D69894,17/01/2019,morning shift(0500-1300),condition monitoring
C33733,N32985,27/10/2020,morning shift(0500-1300),vaccinator
C09157,N57286,23/05/2019,morning shift(0500-1300),tester
C07739,N15601,07/02/2019,afternoon shift(1300-2100),vaccinator
C19149,N51893,22/10/2019,afternoon shift(1300-2100),tester
C34341,N71712,28/02/2020,night shift(2100-0500),tester
C38573,N71258,27/07/2018,afternoon shift(1300-2100),vaccinator
C21883,N07852,10/03/2020,afternoon shift(1300-2100),care taker
C80674,D87332,01/12/2020,morning shift(0500-1300),coordinator
C73062,D54744,10/02/2019,afternoon shift(1300-2100),condition monitoring
C38789,N06662,04/06/2020,night shift(2100-0500),care taker
C34151,N80191,03/05/2019,morning shift(0500-1300),vaccinator
C89400,D81214,30/03/2020,morning shift(0500-1300),coordinator
C97873,D13722,16/06/2019,afternoon shift(1300-2100),condition monitoring
C55995,N45721,04/07/2018,afternoon shift(1300-2100),vaccinator
C16057,N10209,04/04/2020,morning shift(0500-1300),care taker
C30323,D56441,24/07/2021,afternoon shift(1300-2100),coordinator
C90794,D79580,26/09/2020,night shift(2100-0500),condition monitoring
C33463,D08965,29/01/2020,night shift(2100-0500),coordinator
C00960,N82644,20/06/2018,afternoon shift(1300-2100),tester
C65811,N86402,29/05/2021,afternoon shift(1300-2100),vaccinator
C96657,N45248,19/02/2020,night shift(2100-0500),care taker
C57533,N20753,05/11/2018,afternoon shift(1300-2100),tester
C73148,N81500,16/07/2020,morning shift(0500-1300),examiner
C77741,D42301,21/07/2018,morning shift(0500-1300),coordinator
C63521,N59232,11/07/2018,afternoon shift(1300-2100),tester
C75072,N76584,21/06/2020,morning shift(0500-1300),examiner
C44256,N73714,10/07/2021,afternoon shift(1300-2100),care taker
C28348,N51848,14/08/2019,night shift(2100-0500),care taker
C94724,N60538,21/07/2020,morning shift(0500-1300),tester
C94075,N55878,10/08/2020,night shift(2100-0500),care taker
C95781,N02418,21/08/2019,night shift(2100-0500),tester
C08426,N47466,20/05/2019,afternoon shift(1300-2100),care taker
C62299,N81776,05/08/2018,morning shift(0500-1300),examiner
C34648,D26405,28/05/2020,afternoon shift(1300-2100),coordinator
C32447,N32566,16/12/2018,afternoon shift(1300-2100),tester
C43228,N18407,24/03/2019,morning shift(0500-1300),tester
C80123,N32762,15/12/2019,afternoon shift(1300-2100),tester
C27022,D43058,16/10/2020,morning shift(0500-1300),coordinator
C17418,N38266,13/11/2019,morning shift(0500-1300),examiner
C37581,D08454,18/09/2018,night shift(2100-0500),condition monitoring
C33733,N21391,14/04/2021,morning shift(0500-1300),tester
C09157,N61830,15/02/2019,morning shift(0500-1300),examiner
C07739,N79996,29/01/2019,night shift(2100-0500),vaccinator
C19149,N77377,08/03/2019,afternoon shift(1300-2100),vaccinator
C34341,N77610,06/07/2021,morning shift(0500-1300),examiner
C38573,N52240,13/07/2019,night shift(2100-0500),care taker
C21883,D80755,11/02/2019,morning shift(0500-1300),coordinator
C80674,N33119,31/07/2019,afternoon shift(1300-2100),examiner
C73062,D14179,17/02/2021,night shift(2100-0500),coordinator
C38789,D96219,16/06/2021,morning shift(0500-1300),condition monitoring
C34151,N89411,27/08/2019,morning shift(0500-1300),vaccinator
C89400,N41323,21/12/2019,morning shift(0500-1300),care taker
C97873,N75894,30/06/2019,night shift(2100-0500),examiner
C55995,D13400,06/01/2021,afternoon shift(1300-2100),coordinator
C16057,N39705,01/12/2019,night shift(2100-0500),vaccinator
C30323,N35375,19/04/2019,morning shift(0500-1300),tester
C90794,N63084,02/06/2021,morning shift(0500-1300),care taker
C33463,D77308,02/11/2019,afternoon shift(1300-2100),condition monitoring
C00960,N02015,02/08/2020,afternoon shift(1300-2100),tester
C65811,N70727,01/07/2018,morning shift(0500-1300),vaccinator
C96657,N33806,06/11/2019,morning shift(0500-1300),vaccinator
C57533,N92482,18/09/2020,night shift(2100-0500),care taker
C73148,N75378,16/08/2020,morning shift(0500-1300),care taker
C77741,D15826,20/01/2019,afternoon shift(1300-2100),coordinator
C63521,N24302,17/08/2020,night shift(2100-0500),care taker
C75072,D23922,26/12/2020,night shift(2100-0500),condition monitoring
C44256,N62995,06/04/2021,morning shift(0500-1300),examiner
C28348,N97590,28/07/2020,afternoon shift(1300-2100),care taker
C94724,N72485,18/08/2018,morning shift(0500-1300),examiner
C94075,D67907,11/07/2018,night shift(2100-0500),condition monitoring
C95781,D39554,19/05/2021,morning shift(0500-1300),condition monitoring
C08426,N29133,12/08/2020,afternoon shift(1300-2100),vaccinator
C62299,N88197,18/10/2018,morning shift(0500-1300),tester
C34648,N00279,19/02/2020,morning shift(0500-1300),tester
C32447,N36628,26/03/2020,morning shift(0500-1300),examiner
C43228,N30336,18/01/2021,morning shift(0500-1300),examiner
C80123,N67529,05/07/2018,afternoon shift(1300-2100),vaccinator
C27022,D61563,12/12/2020,afternoon shift(1300-2100),coordinator
C17418,D55176,09/06/2019,night shift(2100-0500),coordinator
C37581,N05355,12/11/2020,night shift(2100-0500),care taker
C33733,N64341,03/09/2018,night shift(2100-0500),care taker
C09157,D47762,21/09/2018,night shift(2100-0500),condition monitoring
C07739,N46038,22/06/2019,afternoon shift(1300-2100),care taker
C19149,N85290,24/10/2020,morning shift(0500-1300),tester
C34341,N70788,03/07/2018,morning shift(0500-1300),examiner
C38573,N48053,13/03/2020,night shift(2100-0500),care taker
C21883,N99246,27/09/2019,night shift(2100-0500),care taker
C80674,N59180,22/05/2019,morning shift(0500-1300),examiner
C73062,D20912,25/12/2020,afternoon shift(1300-2100),coordinator
C38789,D58872,31/05/2021,afternoon shift(1300-2100),condition monitoring
C34151,D36764,13/06/2021,morning shift(0500-1300),condition monitoring
C89400,N03299,17/05/2019,night shift(2100-0500),examiner
C97873,N99177,17/07/2021,morning shift(0500-1300),examiner
C55995,N99486,11/01/2019,night shift(2100-0500),examiner
C16057,N78715,31/01/2020,night shift(2100-0500),examiner
C30323,N39017,30/07/2019,afternoon shift(1300-2100),tester
C90794,N25749,18/06/2021,night shift(2100-0500),tester
C33463,N36956,28/01/2019,night shift(2100-0500),tester
C00960,D76444,04/02/2021,night shift(2100-0500),condition monitoring
C65811,N08720,09/03/2020,afternoon shift(1300-2100),examiner
C96657,N82138,04/07/2020,afternoon shift(1300-2100),vaccinator
C57533,N02855,25/11/2019,afternoon shift(1300-2100),vaccinator
C73148,D95670,20/02/2019,night shift(2100-0500),coordinator
C77741,N54809,13/06/2018,night shift(2100-0500),examiner
C63521,N99430,10/01/2019,afternoon shift(1300-2100),tester
C75072,N45158,25/10/2020,night shift(2100-0500),vaccinator
C44256,N29778,21/07/2019,afternoon shift(1300-2100),vaccinator
C28348,D85591,16/12/2019,night shift(2100-0500),condition monitoring
C94724,N44065,25/03/2021,night shift(2100-0500),care taker
C94075,D02287,13/09/2019,morning shift(0500-1300),condition monitoring
C95781,N71237,16/03/2019,night shift(2100-0500),examiner
C08426,N83408,14/05/2019,night shift(2100-0500),tester
C62299,D07141,10/01/2020,night shift(2100-0500),coordinator
C34648,N03876,22/04/2019,afternoon shift(1300-2100),examiner
C32447,D12458,17/09/2019,night shift(2100-0500),condition monitoring
C43228,N64304,24/07/2021,morning shift(0500-1300),examiner
C80123,N11608,26/07/2021,morning shift(0500-1300),care taker
C27022,D34257,27/09/2019,night shift(2100-0500),condition monitoring
C17418,N02924,02/08/2020,night shift(2100-0500),care taker
C37581,N12545,25/06/2018,afternoon shift(1300-2100),examiner
C33733,N16585,28/09/2020,night shift(2100-0500),examiner
C09157,N76329,04/03/2019,morning shift(0500-1300),vaccinator
C07739,N19227,16/02/2020,afternoon shift(1300-2100),tester
C19149,N01755,23/03/2020,afternoon shift(1300-2100),tester
C34341,N32071,18/06/2019,afternoon shift(1300-2100),tester
C38573,N00444,30/09/2019,night shift(2100-0500),care taker
C21883,N03727,26/10/2018,night shift(2100-0500),examiner
C80674,N10109,23/08/2020,morning shift(0500-1300),care taker
C73062,N68130,14/05/2019,afternoon shift(1300-2100),tester
C38789,D46807,03/02/2021,night shift(2100-0500),condition monitoring
C34151,N95395,23/07/2020,night shift(2100-0500),examiner
C89400,N55915,16/07/2021,afternoon shift(1300-2100),tester
C97873,N15727,19/08/2020,afternoon shift(1300-2100),vaccinator
C55995,N01336,19/09/2019,morning shift(0500-1300),care taker
C16057,D71941,16/05/2019,morning shift(0500-1300),condition monitoring
C30323,D00386,07/12/2018,afternoon shift(1300-2100),condition monitoring
C90794,N38478,05/07/2021,night shift(2100-0500),vaccinator
C33463,N91333,01/01/2019,night shift(2100-0500),vaccinator
C00960,N11907,17/02/2019,night shift(2100-0500),vaccinator
C65811,N78237,20/07/2019,night shift(2100-0500),vaccinator
C96657,N29230,08/03/2021,afternoon shift(1300-2100),vaccinator
C57533,N12050,12/09/2019,afternoon shift(1300-2100),care taker
C73148,N27409,18/09/2019,morning shift(0500-1300),care taker
C77741,N69459,27/06/2019,afternoon shift(1300-2100),vaccinator
C63521,N36573,11/12/2019,morning shift(0500-1300),examiner
C75072,N80640,02/06/2020,morning shift(0500-1300),care taker
C44256,N68566,29/03/2019,afternoon shift(1300-2100),vaccinator
C28348,N13088,29/08/2018,morning shift(0500-1300),care taker
C94724,N72157,26/09/2019,afternoon shift(1300-2100),care taker
C94075,N74679,23/01/2020,morning shift(0500-1300),vaccinator
C95781,N69530,30/10/2018,afternoon shift(1300-2100),examiner
C08426,N96916,11/01/2019,afternoon shift(1300-2100),vaccinator
C62299,D61702,07/08/2020,afternoon shift(1300-2100),condition monitoring
C34648,N48739,22/02/2020,afternoon shift(1300-2100),vaccinator
C32447,D93388,13/07/2021,morning shift(0500-1300),coordinator
C43228,D50205,19/07/2021,night shift(2100-0500),coordinator
C80123,N02635,12/01/2021,night shift(2100-0500),tester
C27022,N07473,03/12/2019,night shift(2100-0500),tester
C17418,N68889,27/05/2019,morning shift(0500-1300),tester
C37581,N81359,02/02/2019,afternoon shift(1300-2100),examiner
C33733,N33986,19/01/2020,night shift(2100-0500),care taker
C09157,N56979,11/08/2018,afternoon shift(1300-2100),vaccinator
C07739,N80701,15/02/2020,night shift(2100-0500),vaccinator
C19149,N39782,13/11/2018,night shift(2100-0500),care taker
C34341,N93379,29/09/2019,morning shift(0500-1300),care taker
C38573,N05519,17/11/2020,afternoon shift(1300-2100),examiner
C21883,N77350,17/07/2021,afternoon shift(1300-2100),tester
C80674,N89384,27/07/2019,morning shift(0500-1300),tester
C73062,N23930,01/11/2020,afternoon shift(1300-2100),tester
C38789,N30141,03/03/2021,night shift(2100-0500),tester
C34151,N11362,12/08/2019,night shift(2100-0500),care taker
C89400,N65722,01/08/2019,night shift(2100-0500),vaccinator
C97873,D72997,13/12/2020,morning shift(0500-1300),coordinator
C55995,N55869,02/08/2021,night shift(2100-0500),examiner
C16057,N30348,05/07/2018,afternoon shift(1300-2100),tester
C30323,N30998,12/01/2019,night shift(2100-0500),tester
C90794,N57036,03/11/2020,morning shift(0500-1300),tester
C33463,D78017,12/04/2020,night shift(2100-0500),condition monitoring
C00960,N10636,27/07/2018,afternoon shift(1300-2100),tester
C65811,N65698,23/06/2021,afternoon shift(1300-2100),examiner
C96657,D53050,21/05/2021,afternoon shift(1300-2100),condition monitoring
C57533,D37083,27/06/2021,morning shift(0500-1300),coordinator
C73148,N20826,22/07/2020,afternoon shift(1300-2100),care taker
C77741,N34948,17/12/2019,night shift(2100-0500),care taker
C63521,N49383,07/07/2018,afternoon shift(1300-2100),examiner
C75072,N69772,20/02/2020,night shift(2100-0500),tester
C44256,D80699,14/10/2019,afternoon shift(1300-2100),coordinator
C28348,N24387,15/09/2019,night shift(2100-0500),vaccinator
C94724,D41215,02/02/2020,morning shift(0500-1300),coordinator
C94075,N51273,08/11/2018,night shift(2100-0500),tester
C95781,D04508,07/09/2020,afternoon shift(1300-2100),coordinator
C08426,D69368,06/01/2020,morning shift(0500-1300),condition monitoring
C62299,N74301,23/06/2021,morning shift(0500-1300),vaccinator
C34648,N66509,13/07/2019,morning shift(0500-1300),vaccinator
C32447,N55176,09/09/2019,night shift(2100-0500),examiner
C43228,N51574,01/05/2021,afternoon shift(1300-2100),examiner
C80123,N12751,28/04/2019,afternoon shift(1300-2100),vaccinator
C27022,N57016,07/07/2020,night shift(2100-0500),examiner
C17418,N37812,10/07/2018,night shift(2100-0500),tester
C37581,D70210,13/07/2018,afternoon shift(1300-2100),condition monitoring
C33733,N45869,13/06/2018,afternoon shift(1300-2100),tester
C09157,N55910,05/01/2021,afternoon shift(1300-2100),tester
C07739,D46210,31/05/2020,afternoon shift(1300-2100),coordinator
C19149,N02419,07/03/2019,night shift(2100-0500),examiner
C34341,N23477,06/06/2020,night shift(2100-0500),tester
C38573,N66800,21/10/2019,morning shift(0500-1300),care taker
C21883,N17097,05/03/2021,night shift(2100-0500),tester
C80674,N65740,20/12/2019,afternoon shift(1300-2100),tester
C73062,N31542,18/02/2020,afternoon shift(1300-2100),care taker
C38789,D17399,12/05/2021,afternoon shift(1300-2100),coordinator
C34151,N51420,09/07/2019,afternoon shift(1300-2100),care taker
C89400,N94340,28/07/2020,afternoon shift(1300-2100),tester
C97873,N80076,02/12/2020,night shift(2100-0500),care taker
C55995,N98746,26/03/2019,afternoon shift(1300-2100),care taker
C16057,N50413,26/07/2019,morning shift(0500-1300),vaccinator
C30323,N61987,26/01/2021,night shift(2100-0500),care taker
C90794,N32078,07/09/2019,night shift(2100-0500),tester
C33463,N98338,22/06/2020,afternoon shift(1300-2100),examiner
C00960,N70545,11/04/2020,morning shift(0500-1300),vaccinator
C65811,N86218,24/08/2019,night shift(2100-0500),tester
C96657,N69210,07/10/2020,night shift(2100-0500),tester
C57533,N87678,25/12/2020,morning shift(0500-1300),examiner
C73148,D73297,15/10/2020,night shift(2100-0500),coordinator
C77741,N27717,18/08/2018,afternoon shift(1300-2100),examiner
C63521,N09368,25/05/2021,afternoon shift(1300-2100),care taker
C75072,N10611,09/08/2018,afternoon shift(1300-2100),tester
C44256,D48076,19/02/2020,morning shift(0500-1300),condition monitoring
C28348,N07255,24/02/2021,night shift(2100-0500),examiner
C94724,N42376,12/03/2021,morning shift(0500-1300),vaccinator
C94075,N65146,19/07/2018,night shift(2100-0500),vaccinator
C95781,N15515,11/06/2021,afternoon shift(1300-2100),tester
C08426,N73244,09/02/2019,night shift(2100-0500),vaccinator
C62299,D62925,08/11/2020,night shift(2100-0500),condition monitoring
C34648,D69121,16/10/2018,morning shift(0500-1300),condition monitoring
C32447,N04541,19/01/2021,night shift(2100-0500),care taker
C43228,N13591,05/07/2018,morning shift(0500-1300),examiner
C80123,D94792,15/05/2019,afternoon shift(1300-2100),coordinator
C27022,D95984,31/01/2020,night shift(2100-0500),coordinator
C17418,N07516,24/07/2019,morning shift(0500-1300),care taker
C37581,N30350,20/07/2021,night shift(2100-0500),vaccinator
C33733,N75310,09/10/2020,morning shift(0500-1300),vaccinator
C09157,N91090,25/05/2020,afternoon shift(1300-2100),vaccinator
C07739,N38282,31/05/2020,afternoon shift(1300-2100),vaccinator
C19149,N85993,30/06/2021,morning shift(0500-1300),examiner
C34341,N04772,25/07/2020,afternoon shift(1300-2100),care taker
C38573,N45275,24/03/2021,afternoon shift(1300-2100),care taker
C21883,N11862,03/05/2019,morning shift(0500-1300),tester
C80674,D97680,31/07/2018,morning shift(0500-1300),condition monitoring
C73062,N95133,25/03/2021,night shift(2100-0500),vaccinator
C38789,D39741,21/11/2018,afternoon shift(1300-2100),coordinator
C34151,N47206,11/08/2018,morning shift(0500-1300),examiner
C89400,N20214,24/09/2020,night shift(2100-0500),vaccinator
C97873,N81007,20/09/2018,afternoon shift(1300-2100),examiner
C55995,D44938,25/12/2018,morning shift(0500-1300),coordinator
C16057,N17360,21/04/2020,morning shift(0500-1300),care taker
C30323,N31454,25/04/2021,night shift(2100-0500),care taker
C90794,N84827,21/04/2020,afternoon shift(1300-2100),tester
C33463,N85046,16/07/2018,morning shift(0500-1300),examiner
C00960,N68124,14/10/2019,morning shift(0500-1300),tester
C65811,N87660,22/12/2019,night shift(2100-0500),vaccinator
C96657,D63945,06/05/2021,morning shift(0500-1300),coordinator
C57533,D60909,15/07/2020,morning shift(0500-1300),coordinator
C73148,N13146,20/05/2021,afternoon shift(1300-2100),care taker
C77741,D30356,18/10/2019,morning shift(0500-1300),coordinator
C63521,N91398,06/08/2020,night shift(2100-0500),vaccinator
C75072,N67828,29/03/2019,afternoon shift(1300-2100),care taker
C44256,N38700,26/10/2019,afternoon shift(1300-2100),vaccinator
C28348,N73382,07/10/2020,night shift(2100-0500),care taker
C94724,D15727,04/08/2019,night shift(2100-0500),coordinator
C94075,N12111,05/06/2020,afternoon shift(1300-2100),care taker
C95781,N17782,12/04/2020,afternoon shift(1300-2100),care taker
C08426,N61293,12/03/2019,afternoon shift(1300-2100),tester
C62299,D28164,27/05/2020,morning shift(0500-1300),condition monitoring
C34648,N79055,10/05/2019,afternoon shift(1300-2100),care taker
C32447,N80247,08/11/2018,afternoon shift(1300-2100),tester
C43228,N76562,29/06/2020,night shift(2100-0500),vaccinator
C80123,D44458,29/03/2019,morning shift(0500-1300),condition monitoring
C27022,N97305,21/05/2020,night shift(2100-0500),care taker
C17418,D92061,23/05/2021,morning shift(0500-1300),condition monitoring
C37581,D96649,06/04/2021,morning shift(0500-1300),condition monitoring
C33733,N05739,21/07/2018,morning shift(0500-1300),examiner
C09157,N15732,22/10/2018,night shift(2100-0500),care taker
C07739,N62933,30/04/2019,morning shift(0500-1300),vaccinator
C19149,N07365,19/02/2019,afternoon shift(1300-2100),care taker
C34341,N12581,12/03/2020,night shift(2100-0500),care taker
C38573,N25982,05/09/2018,afternoon shift(1300-2100),examiner
C21883,D08837,29/10/2018,night shift(2100-0500),coordinator
C80674,N12866,22/05/2020,afternoon shift(1300-2100),care taker
C73062,N34545,29/06/2018,afternoon shift(1300-2100),examiner
C38789,D14503,18/07/2020,afternoon shift(1300-2100),condition monitoring
C34151,N03873,10/07/2018,afternoon shift(1300-2100),tester
C89400,N15684,27/03/2020,afternoon shift(1300-2100),tester
C97873,N72232,25/06/2019,morning shift(0500-1300),tester
C55995,D53518,09/07/2018,morning shift(0500-1300),coordinator
C16057,D65840,25/08/2020,night shift(2100-0500),coordinator
C30323,N23381,01/11/2020,morning shift(0500-1300),tester
C90794,N39969,27/11/2018,morning shift(0500-1300),examiner
C33463,N32739,15/11/2020,afternoon shift(1300-2100),examiner
C00960,D04870,25/03/2020,morning shift(0500-1300),condition monitoring
C65811,N38718,14/07/2021,morning shift(0500-1300),vaccinator
C96657,D61865,19/06/2019,morning shift(0500-1300),condition monitoring
C57533,N62275,05/10/2019,afternoon shift(1300-2100),examiner
C73148,N63498,27/05/2021,afternoon shift(1300-2100),care taker
C77741,N43302,02/08/2019,night shift(2100-0500),care taker
C63521,N07202,29/06/2018,morning shift(0500-1300),tester
C75072,N02829,06/10/2018,night shift(2100-0500),examiner
C44256,N02122,20/01/2021,night shift(2100-0500),vaccinator
C28348,D06083,25/11/2018,morning shift(0500-1300),coordinator
C94724,N30753,28/07/2021,night shift(2100-0500),examiner
C94075,D90241,06/04/2020,morning shift(0500-1300),coordinator
C95781,D81185,29/02/2020,afternoon shift(1300-2100),condition monitoring
C08426,N70236,16/11/2020,afternoon shift(1300-2100),vaccinator
C62299,N93054,14/12/2019,night shift(2100-0500),care taker
C34648,D87551,10/08/2019,afternoon shift(1300-2100),coordinator
C32447,N67106,08/08/2019,night shift(2100-0500),examiner
C43228,N61070,09/02/2019,afternoon shift(1300-2100),vaccinator
C80123,N38525,04/11/2018,morning shift(0500-1300),examiner
C27022,N03900,22/10/2018,night shift(2100-0500),examiner
C17418,N67073,13/12/2020,afternoon shift(1300-2100),examiner
C37581,N00945,18/11/2020,morning shift(0500-1300),tester
C33733,N63805,10/07/2020,afternoon shift(1300-2100),vaccinator
C09157,N22125,05/11/2018,morning shift(0500-1300),vaccinator
C07739,N21652,01/06/2020,night shift(2100-0500),examiner
C19149,N49420,31/07/2021,afternoon shift(1300-2100),examiner
C34341,N62768,05/08/2019,afternoon shift(1300-2100),vaccinator
C38573,N19777,16/03/2019,afternoon shift(1300-2100),examiner
C21883,N82199,25/06/2020,morning shift(0500-1300),tester
C80674,D05309,06/03/2020,night shift(2100-0500),coordinator
C73062,N25382,31/12/2018,afternoon shift(1300-2100),examiner
C38789,D12704,30/01/2020,morning shift(0500-1300),coordinator
C34151,N27262,05/03/2019,night shift(2100-0500),care taker
C89400,N61282,18/08/2019,night shift(2100-0500),tester
C97873,N60427,19/05/2019,afternoon shift(1300-2100),tester
C55995,N04593,08/10/2020,night shift(2100-0500),care taker
C16057,D68515,28/08/2020,morning shift(0500-1300),condition monitoring
C30323,N24486,12/01/2021,night shift(2100-0500),tester
C90794,N48269,09/11/2018,night shift(2100-0500),examiner
C33463,N84798,15/02/2021,night shift(2100-0500),tester
C00960,N80877,10/02/2021,night shift(2100-0500),tester
C65811,D69058,19/12/2018,afternoon shift(1300-2100),coordinator
C96657,N57127,01/01/2019,afternoon shift(1300-2100),examiner
C57533,N55236,14/12/2018,morning shift(0500-1300),tester
C73148,N33489,16/08/2020,morning shift(0500-1300),tester
C77741,N66044,06/07/2019,afternoon shift(1300-2100),examiner
C63521,N56065,22/09/2020,night shift(2100-0500),care taker
C75072,D11963,07/02/2021,afternoon shift(1300-2100),coordinator
C44256,N17220,23/09/2019,afternoon shift(1300-2100),tester
C28348,D49205,26/02/2019,night shift(2100-0500),condition monitoring
C94724,N59808,09/12/2018,morning shift(0500-1300),tester
C94075,D67442,19/08/2018,afternoon shift(1300-2100),condition monitoring
C95781,N20677,14/05/2019,afternoon shift(1300-2100),care taker
C08426,N13842,23/03/2021,night shift(2100-0500),care taker
C62299,N24334,12/06/2021,morning shift(0500-1300),care taker
C34648,N00866,17/11/2020,morning shift(0500-1300),vaccinator
C32447,N71646,06/12/2020,night shift(2100-0500),vaccinator
C43228,D11959,05/06/2021,afternoon shift(1300-2100),condition monitoring
C80123,N52095,12/05/2019,night shift(2100-0500),tester
C27022,N59072,29/12/2020,night shift(2100-0500),tester
C17418,D97162,08/12/2018,night shift(2100-0500),condition monitoring
C37581,D90350,31/07/2018,morning shift(0500-1300),coordinator
C33733,N89308,14/08/2020,afternoon shift(1300-2100),tester
C09157,D61938,13/02/2019,night shift(2100-0500),condition monitoring
C07739,N54207,01/07/2018,morning shift(0500-1300),care taker
C19149,N25758,27/10/2018,afternoon shift(1300-2100),vaccinator
C34341,D40740,12/03/2020,afternoon shift(1300-2100),condition monitoring
C38573,N43912,29/03/2021,night shift(2100-0500),tester
C21883,N67433,26/08/2019,afternoon shift(1300-2100),vaccinator
C80674,D17769,27/06/2021,afternoon shift(1300-2100),condition monitoring
C73062,N86950,20/10/2019,afternoon shift(1300-2100),examiner
C38789,N40953,02/09/2018,afternoon shift(1300-2100),care taker
C34151,N15131,26/04/2021,morning shift(0500-1300),examiner
C89400,N14465,25/11/2020,afternoon shift(1300-2100),tester
C97873,N65079,27/01/2020,morning shift(0500-1300),tester
C55995,N29764,27/03/2020,morning shift(0500-1300),care taker
C16057,N02631,10/12/2019,morning shift(0500-1300),vaccinator
C30323,N14052,04/10/2020,morning shift(0500-1300),vaccinator
C90794,N23925,26/06/2021,night shift(2100-0500),care taker
C33463,D19622,02/08/2019,afternoon shift(1300-2100),coordinator
C00960,D11156,24/11/2020,night shift(2100-0500),condition monitoring
C65811,N29481,23/06/2019,afternoon shift(1300-2100),tester
C96657,D69086,04/11/2018,night shift(2100-0500),condition monitoring
C57533,N69149,07/05/2020,night shift(2100-0500),care taker
C73148,D98840,11/06/2019,night shift(2100-0500),coordinator
C77741,N91174,26/06/2021,night shift(2100-0500),care taker
C63521,N85276,19/01/2020,morning shift(0500-1300),tester
C75072,N79985,30/09/2018,morning shift(0500-1300),examiner
C44256,N67018,21/05/2020,night shift(2100-0500),tester
C28348,N49279,01/01/2020,morning shift(0500-1300),care taker
C94724,D46101,09/04/2019,afternoon shift(1300-2100),condition monitoring
C94075,N23592,06/03/2020,night shift(2100-0500),care taker
C95781,D97393,13/12/2018,afternoon shift(1300-2100),coordinator
C08426,N64457,25/06/2021,afternoon shift(1300-2100),tester
C62299,N05707,03/07/2019,afternoon shift(1300-2100),care taker
C34648,N14116,30/10/2019,afternoon shift(1300-2100),vaccinator
C32447,N86354,17/07/2018,afternoon shift(1300-2100),care taker
C43228,N84256,11/07/2020,afternoon shift(1300-2100),examiner
C80123,D10981,20/10/2019,morning shift(0500-1300),coordinator
C27022,N45547,29/07/2021,afternoon shift(1300-2100),tester
C17418,D58029,03/04/2020,night shift(2100-0500),condition monitoring
C37581,D52204,30/11/2020,night shift(2100-0500),coordinator
C33733,N28735,28/07/2018,night shift(2100-0500),examiner
C09157,N48881,12/12/2018,morning shift(0500-1300),tester
C07739,D79006,09/03/2020,afternoon shift(1300-2100),condition monitoring
C19149,N16584,17/08/2018,afternoon shift(1300-2100),care taker
C34341,N40789,15/05/2021,afternoon shift(1300-2100),tester
C38573,N93015,16/02/2019,night shift(2100-0500),care taker
C21883,N57656,29/11/2020,night shift(2100-0500),tester
C80674,N92763,12/01/2019,night shift(2100-0500),examiner
C73062,N45015,09/08/2020,night shift(2100-0500),examiner
C38789,N05854,14/03/2019,afternoon shift(1300-2100),vaccinator
C34151,N69683,21/12/2018,afternoon shift(1300-2100),tester
C89400,N54365,30/12/2020,night shift(2100-0500),examiner
C97873,N08054,02/11/2018,night shift(2100-0500),vaccinator
C55995,N52500,22/02/2020,afternoon shift(1300-2100),care taker
C16057,N92752,13/03/2019,night shift(2100-0500),examiner
C30323,D09349,14/12/2020,night shift(2100-0500),coordinator
C90794,N83295,01/09/2019,night shift(2100-0500),vaccinator
C33463,D20668,22/12/2019,night shift(2100-0500),coordinator
C00960,N59148,01/07/2019,morning shift(0500-1300),examiner
C65811,N59609,29/03/2019,afternoon shift(1300-2100),care taker
C96657,N59342,31/12/2020,afternoon shift(1300-2100),vaccinator
C57533,N17559,25/10/2018,afternoon shift(1300-2100),vaccinator
C73148,N85210,22/09/2020,night shift(2100-0500),vaccinator
C77741,N77499,28/07/2019,night shift(2100-0500),vaccinator
C63521,D08919,06/03/2019,afternoon shift(1300-2100),coordinator
C75072,N26547,08/07/2019,afternoon shift(1300-2100),examiner
C44256,D48406,20/10/2019,afternoon shift(1300-2100),condition monitoring
C28348,N98756,01/04/2021,morning shift(0500-1300),vaccinator
C94724,N99029,05/06/2020,night shift(2100-0500),tester
C94075,D20215,08/02/2021,afternoon shift(1300-2100),coordinator
C95781,D68851,19/07/2018,night shift(2100-0500),condition monitoring
C08426,N50602,19/12/2018,afternoon shift(1300-2100),vaccinator
C62299,N75071,30/12/2020,night shift(2100-0500),care taker
C34648,N24316,15/05/2020,morning shift(0500-1300),examiner
C32447,N01231,06/06/2021,night shift(2100-0500),tester
C43228,N20373,14/05/2021,night shift(2100-0500),vaccinator
C80123,D46633,09/01/2021,afternoon shift(1300-2100),condition monitoring
C27022,N72350,27/01/2021,night shift(2100-0500),tester
C17418,N98078,08/08/2018,afternoon shift(1300-2100),care taker
C37581,D96120,28/01/2020,night shift(2100-0500),coordinator
C33733,N97529,09/10/2020,afternoon shift(1300-2100),vaccinator
C09157,N87451,17/03/2021,night shift(2100-0500),vaccinator
C07739,N58884,01/11/2020,afternoon shift(1300-2100),vaccinator
C19149,D03601,20/04/2019,afternoon shift(1300-2100),condition monitoring
C34341,N74055,07/12/2018,night shift(2100-0500),vaccinator
C38573,N52136,10/06/2019,afternoon shift(1300-2100),tester
C21883,N85709,06/12/2019,night shift(2100-0500),tester
C80674,D09013,18/10/2019,morning shift(0500-1300),coordinator
C73062,N48274,23/03/2021,night shift(2100-0500),examiner
C38789,D45449,26/10/2018,morning shift(0500-1300),coordinator
C34151,N64411,14/07/2020,afternoon shift(1300-2100),vaccinator
C89400,N93900,14/03/2021,night shift(2100-0500),care taker
C97873,D40029,01/11/2020,afternoon shift(1300-2100),condition monitoring
C55995,N60488,09/10/2019,night shift(2100-0500),tester
C16057,N16592,18/05/2021,night shift(2100-0500),care taker
C30323,N33507,13/03/2019,night shift(2100-0500),care taker
C90794,D61184,18/03/2020,morning shift(0500-1300),condition monitoring
C33463,D73436,17/10/2020,afternoon shift(1300-2100),coordinator
C00960,D16184,29/06/2020,afternoon shift(1300-2100),condition monitoring
C65811,N90626,09/01/2019,night shift(2100-0500),tester
C96657,N23579,18/12/2018,night shift(2100-0500),examiner
C57533,N75115,30/03/2020,morning shift(0500-1300),care taker
C73148,D66536,23/01/2019,night shift(2100-0500),condition monitoring
C77741,N58672,05/03/2021,afternoon shift(1300-2100),vaccinator
C63521,D16884,23/10/2020,morning shift(0500-1300),coordinator
C75072,N61352,16/09/2020,night shift(2100-0500),tester
C44256,N02228,15/06/2021,morning shift(0500-1300),tester
C28348,N06434,11/05/2021,afternoon shift(1300-2100),tester
C94724,D50859,20/09/2019,night shift(2100-0500),condition monitoring
C94075,N69360,13/12/2018,morning shift(0500-1300),care taker
C95781,N75175,13/12/2019,afternoon shift(1300-2100),examiner
C08426,N28079,03/05/2021,afternoon shift(1300-2100),vaccinator
C62299,N87253,01/10/2019,night shift(2100-0500),care taker
C34648,N41911,04/01/2021,night shift(2100-0500),examiner
C32447,N08545,23/06/2018,afternoon shift(1300-2100),vaccinator
C43228,N95917,16/12/2019,afternoon shift(1300-2100),vaccinator
C80123,D88906,30/08/2020,afternoon shift(1300-2100),condition monitoring
C27022,D14362,24/02/2019,afternoon shift(1300-2100),condition monitoring
C17418,N36915,12/03/2021,night shift(2100-0500),care taker
C37581,N99609,24/06/2020,morning shift(0500-1300),care taker
C33733,D83855,05/09/2020,morning shift(0500-1300),coordinator
C09157,N41043,24/10/2018,morning shift(0500-1300),care taker
C07739,N01682,17/11/2020,morning shift(0500-1300),tester
C19149,N92085,03/10/2019,afternoon shift(1300-2100),tester
C34341,N61784,07/08/2019,afternoon shift(1300-2100),tester
C38573,N61754,20/01/2021,morning shift(0500-1300),tester
C21883,N95368,10/03/2019,night shift(2100-0500),tester
C80674,N38488,21/07/2020,afternoon shift(1300-2100),tester
C73062,N92295,15/07/2019,morning shift(0500-1300),care taker
C38789,N47188,08/04/2019,afternoon shift(1300-2100),vaccinator
C34151,N06409,27/05/2019,morning shift(0500-1300),vaccinator
C89400,N09769,20/06/2019,morning shift(0500-1300),tester
C97873,N86318,13/05/2019,afternoon shift(1300-2100),vaccinator
C55995,N54124,30/11/2020,afternoon shift(1300-2100),care taker
C16057,D79958,23/12/2019,afternoon shift(1300-2100),coordinator
C30323,N93341,09/04/2020,night shift(2100-0500),care taker
C90794,N96739,01/08/2018,afternoon shift(1300-2100),care taker
C33463,N43463,29/07/2019,afternoon shift(1300-2100),tester
C00960,N58996,21/07/2021,afternoon shift(1300-2100),vaccinator
C65811,N64705,14/01/2019,morning shift(0500-1300),vaccinator
C96657,D57244,30/11/2020,afternoon shift(1300-2100),condition monitoring
C57533,N83323,11/08/2019,afternoon shift(1300-2100),vaccinator
C73148,N04882,04/03/2019,morning shift(0500-1300),examiner
C77741,D95361,07/10/2020,night shift(2100-0500),condition monitoring
C63521,D75011,15/02/2019,afternoon shift(1300-2100),coordinator
C75072,N63149,27/06/2021,night shift(2100-0500),examiner
C44256,N76704,21/11/2020,morning shift(0500-1300),care taker
C28348,D04675,12/03/2021,afternoon shift(1300-2100),coordinator
C94724,D40600,17/05/2020,morning shift(0500-1300),coordinator
C94075,N87783,25/10/2018,morning shift(0500-1300),tester
C95781,N05283,20/02/2020,morning shift(0500-1300),vaccinator
C08426,N26020,09/09/2020,morning shift(0500-1300),vaccinator
C62299,D02843,02/08/2018,afternoon shift(1300-2100),coordinator
C34648,D21857,30/11/2019,afternoon shift(1300-2100),coordinator
C32447,D91990,13/02/2019,night shift(2100-0500),coordinator
C43228,D69366,21/01/2021,afternoon shift(1300-2100),coordinator
C80123,N42101,06/04/2020,night shift(2100-0500),care taker
C27022,N38818,10/08/2020,night shift(2100-0500),examiner
C17418,N89782,10/05/2020,afternoon shift(1300-2100),care taker
C37581,N19801,22/10/2020,morning shift(0500-1300),examiner
C33733,D24301,05/03/2019,morning shift(0500-1300),coordinator
C09157,N49888,28/08/2020,morning shift(0500-1300),vaccinator
C07739,D82093,02/12/2020,afternoon shift(1300-2100),coordinator
C19149,D94448,02/01/2021,morning shift(0500-1300),coordinator
C34341,N33738,12/07/2021,morning shift(0500-1300),examiner
C38573,N06495,27/06/2020,afternoon shift(1300-2100),examiner
C21883,N86577,20/02/2020,afternoon shift(1300-2100),care taker
C80674,N68233,16/04/2021,morning shift(0500-1300),examiner
C73062,N33430,30/12/2020,afternoon shift(1300-2100),examiner
C38789,N16451,27/02/2021,night shift(2100-0500),examiner
C34151,N41002,18/10/2020,morning shift(0500-1300),vaccinator
C89400,D26780,13/01/2021,morning shift(0500-1300),condition monitoring
C97873,N74019,14/09/2019,night shift(2100-0500),care taker
C55995,N47186,05/04/2021,afternoon shift(1300-2100),tester
C16057,D42910,31/12/2019,afternoon shift(1300-2100),condition monitoring
C30323,N55206,20/01/2019,morning shift(0500-1300),care taker
C90794,N67334,11/04/2019,night shift(2100-0500),examiner
C33463,D50997,20/11/2019,morning shift(0500-1300),coordinator
C00960,D06825,28/10/2019,afternoon shift(1300-2100),coordinator
C65811,N92115,20/04/2020,afternoon shift(1300-2100),examiner
C96657,N65280,06/02/2019,morning shift(0500-1300),examiner
C57533,D56832,26/06/2021,morning shift(0500-1300),coordinator
C73148,N51432,18/08/2020,night shift(2100-0500),care taker
C77741,N25984,15/06/2021,afternoon shift(1300-2100),examiner
C63521,N32760,10/10/2019,morning shift(0500-1300),vaccinator
C75072,N18986,04/06/2020,night shift(2100-0500),vaccinator
C44256,D84110,24/05/2020,afternoon shift(1300-2100),condition monitoring
C28348,D13671,30/06/2019,night shift(2100-0500),condition monitoring
C94724,N79968,06/07/2018,morning shift(0500-1300),examiner
C94075,N54711,18/05/2020,morning shift(0500-1300),vaccinator
C95781,N92403,24/06/2020,night shift(2100-0500),care taker
C08426,N96304,14/07/2018,night shift(2100-0500),care taker
C62299,N28114,12/09/2019,morning shift(0500-1300),tester
C34648,D64741,18/09/2020,morning shift(0500-1300),coordinator
C32447,N39293,07/02/2020,afternoon shift(1300-2100),examiner
C43228,N54370,16/12/2020,night shift(2100-0500),examiner
C80123,N95894,23/10/2019,morning shift(0500-1300),care taker
C27022,N92511,28/06/2020,morning shift(0500-1300),examiner
C17418,N12663,07/04/2020,afternoon shift(1300-2100),tester
C37581,N30674,05/04/2020,afternoon shift(1300-2100),examiner
C33733,D81809,16/05/2020,morning shift(0500-1300),coordinator
C09157,N59014,31/01/2019,night shift(2100-0500),vaccinator
C07739,N01422,19/02/2021,morning shift(0500-1300),vaccinator
C19149,N48882,26/04/2020,morning shift(0500-1300),vaccinator
C34341,D45312,07/10/2019,morning shift(0500-1300),condition monitoring
C38573,N56221,01/02/2021,morning shift(0500-1300),vaccinator
C21883,D01142,28/09/2020,afternoon shift(1300-2100),condition monitoring
C80674,D11689,03/03/2021,afternoon shift(1300-2100),condition monitoring
C73062,N03804,25/03/2020,night shift(2100-0500),vaccinator
C38789,N72424,25/04/2020,afternoon shift(1300-2100),care taker
C34151,N91970,06/10/2020,afternoon shift(1300-2100),tester
C89400,D73182,25/06/2021,afternoon shift(1300-2100),condition monitoring
C97873,N00027,05/10/2018,afternoon shift(1300-2100),care taker
C55995,N87681,29/09/2019,afternoon shift(1300-2100),care taker
C16057,D76084,16/04/2019,night shift(2100-0500),condition monitoring
C30323,N72637,26/02/2020,morning shift(0500-1300),care taker
C90794,N65726,28/07/2021,afternoon shift(1300-2100),care taker
C33463,N28291,25/10/2020,afternoon shift(1300-2100),examiner
C00960,D76359,20/08/2018,morning shift(0500-1300),condition monitoring
C65811,N16047,27/10/2019,night shift(2100-0500),examiner
C96657,N27399,14/01/2019,night shift(2100-0500),tester
C57533,N64605,08/04/2021,morning shift(0500-1300),examiner
C73148,D42570,28/04/2021,morning shift(0500-1300),condition monitoring
C77741,N38638,08/02/2020,night shift(2100-0500),examiner
C63521,N93501,18/09/2018,afternoon shift(1300-2100),tester
C75072,N64083,05/09/2020,afternoon shift(1300-2100),tester
C44256,D82555,23/10/2019,morning shift(0500-1300),condition monitoring
C28348,N78910,26/01/2021,afternoon shift(1300-2100),tester
C94724,N99294,19/04/2019,morning shift(0500-1300),tester
C94075,D80205,02/04/2020,morning shift(0500-1300),condition monitoring
C95781,N19621,19/04/2019,afternoon shift(1300-2100),care taker
C08426,N62057,05/02/2019,morning shift(0500-1300),examiner
C62299,N97388,25/01/2021,afternoon shift(1300-2100),care taker
C34648,N62151,04/04/2021,morning shift(0500-1300),tester
C32447,N97466,03/11/2018,night shift(2100-0500),tester
C43228,N81454,14/01/2019,night shift(2100-0500),care taker
C80123,N09585,29/11/2020,afternoon shift(1300-2100),tester
C27022,N61405,23/03/2021,night shift(2100-0500),tester
C17418,D21856,26/03/2020,morning shift(0500-1300),condition monitoring
C37581,N17906,12/07/2018,night shift(2100-0500),examiner
C33733,N53587,22/02/2021,morning shift(0500-1300),examiner
C09157,D51684,29/07/2020,night shift(2100-0500),coordinator
C07739,D01227,23/03/2019,afternoon shift(1300-2100),coordinator
